日期,开盘,最高,最低,收盘,成交量
2020-03-17,5604.08,5719.65,5383.59,5554.33,79359
2020-03-18,5528.7,5629.2,5367.86,5367.86,73460
2020-03-19,5297.51,5403.08,5127.22,5307.61,102265
2020-03-20,5382.98,5543.78,5382.98,5504.99,60139
2020-03-23,5327.71,5504.99,5285.1,5423.18,48472
2020-03-24,5543.78,5623.57,5503.58,5609.1,46651
2020-03-25,5769.79,5786.78,5700.55,5730.2,37049
2020-03-26,5696.18,5785.97,5639.25,5653.92,30049
2020-03-27,5754.82,5789.99,5704.62,5707.08,36261
2020-03-30,5630.46,5714.62,5614.12,5689.5,30687
2020-03-31,5739.74,5905.56,5738.74,5885.46,47984
2020-04-01,5915.61,5975.91,5845.27,5845.27,33205
2020-04-02,5850.29,6056.31,5849.69,6056.31,45206
2020-04-03,6026.31,6071.18,5990.88,6030.13,27618
2020-04-07,6141.48,6164.34,6075.85,6131.43,43488
2020-04-08,6091.48,6163.38,6091.48,6130.47,24224
2020-04-09,6161.83,6176.9,6071.18,6124.14,22817
2020-04-10,6121.03,6239.71,6099.02,6156.8,27804
2020-04-13,6156.8,6181.83,6073.89,6143.24,15981
2020-04-14,6212.07,6290.21,6161.83,6257.8,36800
2020-04-15,6292.47,6352.72,6267.85,6280.41,29332
2020-04-16,6297.35,6318.1,6252.78,6318.1,21728
2020-04-17,6382.92,6506.33,6357.84,6463.31,38246
2020-04-20,6438.19,6490.95,6417.09,6469.85,24239
2020-04-21,6438.29,6453.21,6297.5,6332.67,29224
2020-04-22,6362.82,6581.4,6343.82,6556.27,44035
2020-04-23,6583.91,6662.7,6572.7,6595.27,26899
2020-04-24,6573.86,6633.6,6509.44,6586.72,19122
2020-04-27,6619.08,6725.46,6588.73,6714.55,25904
2020-04-28,6761.33,6834.85,6693.85,6730.28,34662
2020-04-29,6723.6,6775.35,6624.11,6709.03,23444
2020-04-30,6689.43,6759.83,6628.53,6662.8,24661
2020-05-06,6588.93,6835.15,6583.91,6835.15,35835
2020-05-07,6832.13,6910.47,6799.98,6895.45,27935
2020-05-08,6920.57,7026.09,6877.91,6908.56,29079
2020-05-11,6935.64,7011.02,6903.84,6950.77,23671
2020-05-12,6925.6,7010.97,6915.55,7000.97,19722
2020-05-13,7000.97,7026.04,6950.12,7015.79,22014
2020-05-14,6985.89,7010.41,6961.32,6968.76,18575
2020-05-15,6980.87,7003.48,6844.6,6900.47,26398
2020-05-18,6865.3,7093.93,6860.93,7067.34,34362
2020-05-19,7156.74,7156.74,7026.09,7066.84,24787
2020-05-20,7066.84,7132.52,7020.11,7091.41,21183
2020-05-21,7111.51,7196.73,7100.76,7167.29,23052
2020-05-22,7166.79,7167.29,6950.12,6976.85,34427
2020-05-25,6985.89,7169.7,6940.67,7151.21,31561
2020-05-26,7186.28,7186.63,7111.51,7126.59,22470
2020-05-27,7131.61,7136.64,7000.97,7026.09,26777
2020-05-28,7025.94,7071.01,6941.32,7056.24,26486
2020-05-29,6996.44,7186.78,6996.44,7169.8,30444
2020-06-01,7242.16,7438.63,7242.16,7435.61,35480
2020-06-02,7418.08,7477.82,7371.09,7391.44,25960
2020-06-03,7413.0,7425.56,7316.37,7334.11,23557
2020-06-04,7317.53,7392.9,7317.53,7377.78,18037
2020-06-05,7364.01,7482.74,7343.06,7463.25,18347
2020-06-08,7463.25,7513.5,7347.73,7368.28,29300
2020-06-09,7377.83,7463.25,7341.05,7420.79,22612
2020-06-10,7463.25,7505.1,7423.05,7456.51,22701
2020-06-11,7392.95,7428.02,7322.5,7339.94,30712
2020-06-12,7273.16,7419.88,7253.76,7419.88,28427
2020-06-15,7347.68,7395.92,7242.16,7252.21,34615
2020-06-16,7330.09,7407.98,7303.11,7357.12,29207
2020-06-17,7397.22,7397.42,7312.6,7362.75,19453
2020-06-18,7362.25,7403.96,7338.13,7402.95,21010
2020-06-19,7438.12,7564.75,7413.5,7537.82,38958
2020-06-22,7514.0,7558.17,7504.45,7533.6,23247
2020-06-23,7513.5,7749.66,7506.06,7711.98,33934
2020-06-24,7742.75,7753.35,7649.29,7724.71,25139
2020-06-29,7664.37,7754.81,7609.14,7740.59,28081
2020-06-30,7740.34,7769.79,7700.14,7739.13,22446
2020-07-01,7764.86,7956.31,7744.86,7896.86,38682
2020-07-02,7920.63,8181.42,7900.53,8146.75,45884
2020-07-03,8176.89,8189.46,8010.47,8135.64,35126
2020-07-06,8116.6,8508.53,8085.49,8428.13,51822
2020-07-07,8443.66,9155.82,8433.16,8870.32,66664
2020-07-08,8830.12,9026.08,8729.62,8836.85,53170
2020-07-09,8885.39,8990.91,8840.17,8960.76,35033
2020-07-10,8875.34,9114.52,8875.04,9000.21,37100
2020-07-13,9004.38,9367.77,9004.38,9342.6,60727
2020-07-14,9342.6,9342.8,9173.81,9242.15,46094
2020-07-15,9156.13,9345.66,9155.27,9194.57,40713
2020-07-16,9080.9,9080.9,8428.13,8498.48,102242
2020-07-17,8528.63,8792.88,8528.63,8669.57,65902
2020-07-20,8691.94,8749.67,8372.26,8613.85,45280
2020-07-21,8662.49,8944.68,8583.85,8769.82,41970
2020-07-22,8719.57,8980.86,8719.57,8820.47,39201
2020-07-23,8789.92,8885.39,8679.37,8810.02,34321
2020-07-24,8703.74,8759.77,8352.76,8404.52,78752
2020-07-27,8508.58,8577.87,8428.13,8541.44,38788
2020-07-28,8578.88,8830.12,8578.88,8779.87,54912
2020-07-29,8880.37,8880.37,8593.95,8789.92,50748
2020-07-30,8785.9,8933.58,8782.38,8830.12,38373
2020-07-31,8855.24,8955.74,8659.27,8820.97,40685
2020-08-03,8864.69,8913.43,8729.62,8769.82,34661
2020-08-04,8804.99,8845.14,8729.62,8779.82,31941
2020-08-05,8740.12,8795.4,8645.76,8769.82,25522
2020-08-06,8779.87,8800.12,8578.88,8618.87,32649
2020-08-07,8653.09,8677.72,8420.6,8583.9,34242
2020-08-10,8568.68,8654.05,8468.88,8598.93,23624
2020-08-11,8629.13,8761.93,8629.13,8641.74,35818
2020-08-12,8593.95,8634.15,8454.51,8563.55,27934
2020-08-13,8578.88,8623.5,8473.36,8604.0,20541
2020-08-14,8628.62,8758.26,8583.9,8734.65,37653
2020-08-17,8799.97,8952.47,8779.87,8880.37,43572
2020-08-18,8917.45,9031.11,8885.39,8955.74,30423
2020-08-19,8930.61,9016.03,8845.14,8865.29,26915
2020-08-20,8799.97,8825.09,8709.52,8749.72,22382
2020-08-21,8794.94,8920.56,8784.89,8810.02,25082
2020-08-24,8930.61,8970.81,8885.44,8912.27,30933
2020-08-25,8954.73,9165.67,8923.73,9066.28,41872
2020-08-26,9101.46,9156.73,9006.09,9066.28,26216
2020-08-27,9091.36,9101.36,8955.74,9086.38,22636
2020-08-28,9086.38,9252.2,9038.65,9217.03,42300
2020-08-31,9285.26,9513.49,9285.26,9365.26,47810
2020-09-01,9392.89,9443.14,9307.52,9443.04,31640
2020-09-02,9558.71,9573.79,9282.35,9407.97,32009
2020-09-03,9407.97,9493.39,9331.09,9397.92,30437
2020-09-04,9262.25,9317.47,9161.75,9282.35,30858
2020-09-07,9232.1,9322.5,8950.56,9048.7,31112
2020-09-08,9091.41,9120.55,8815.39,8987.9,34472
2020-09-09,8928.95,8985.89,8830.32,8870.32,25964
2020-09-10,8949.41,9031.11,8930.61,8959.76,24778
2020-09-11,8870.32,9111.51,8870.32,9096.43,31088
2020-09-14,9156.73,9277.32,9084.27,9262.25,31056
2020-09-15,9282.3,9282.3,9170.55,9232.1,20821
2020-09-16,9232.1,9256.27,9026.08,9056.74,22516
2020-09-17,8930.61,8930.61,8719.57,8782.48,63680
2020-09-18,8754.75,8905.49,8604.05,8905.49,47201
2020-09-21,8894.23,8894.23,8763.09,8763.79,22444
2020-09-22,8679.37,8865.19,8679.37,8758.21,23265
2020-09-23,8604.0,8759.82,8533.75,8679.27,35726
2020-09-24,8608.88,8723.99,8562.8,8575.46,30051
2020-09-25,8578.88,8679.37,8553.75,8604.55,22583
2020-09-28,8604.96,8772.33,8604.96,8734.65,24232
2020-09-29,8776.5,8776.85,8690.93,8690.93,17431
2020-09-30,8729.62,8889.91,8729.62,8772.33,27088
2020-10-09,8890.41,8962.87,8870.32,8910.51,34240
2020-10-12,8930.61,9184.92,8930.61,9184.92,43729
2020-10-13,9184.97,9184.97,9106.48,9126.58,22944
2020-10-14,9131.6,9166.68,9061.26,9076.33,20481
2020-10-15,9036.79,9106.48,9036.13,9056.23,16204
2020-10-16,9056.23,9104.37,8945.69,8990.91,17377
2020-10-19,9056.23,9101.36,8889.91,8925.59,19226
2020-10-20,8930.56,9106.33,8905.49,9101.46,27735
2020-10-21,9101.96,9142.41,9046.18,9098.09,18901
2020-10-22,9081.36,9156.73,9008.55,9144.17,22481
2020-10-23,9135.52,9169.74,9000.96,9007.64,19292
2020-10-26,8523.6,8744.29,8428.13,8644.2,66015
2020-10-27,8644.2,8649.22,8509.13,8553.75,43944
2020-10-28,8558.78,8815.04,8554.16,8753.79,34637
2020-10-29,8703.69,8970.81,8664.3,8810.02,39374
2020-10-30,8820.07,8910.51,8754.75,8779.97,26055
2020-11-02,8804.99,8905.49,8789.92,8800.02,21066
2020-11-03,8855.19,8960.26,8807.51,8905.49,23497
2020-11-04,8930.61,8950.71,8855.24,8928.5,16444
2020-11-05,9016.03,9093.82,8991.41,9040.66,23524
2020-11-06,9084.12,9089.35,8880.37,8933.73,23052
2020-11-09,8937.55,9185.27,8933.73,9144.52,41470
2020-11-10,9196.52,9254.61,9111.51,9156.73,30189
2020-11-11,9156.73,9320.03,9086.38,9088.14,34851
2020-11-12,9081.41,9181.85,9042.52,9105.43,23473
2020-11-13,9051.21,9075.73,8885.39,8955.74,28155
2020-11-16,8985.89,9081.61,8916.84,9081.61,30613
2020-11-17,9131.6,9143.41,8935.99,9010.0,25224
2020-11-18,9005.98,9033.77,8846.0,8898.71,35179
2020-11-19,8852.73,9056.23,8833.13,9032.06,27816
2020-11-20,9031.11,9111.51,8994.18,9030.91,21875
2020-11-23,9287.42,9482.84,9287.42,9383.9,66637
2020-11-24,9282.3,9345.16,9189.24,9249.69,32465
2020-11-25,9239.64,9276.72,9051.21,9065.68,28226
2020-11-26,9061.26,9131.55,9057.14,9103.42,23228
2020-11-27,9094.72,9131.76,9021.06,9121.05,21569
2020-11-30,9106.48,9126.08,9000.51,9000.51,31940
2020-12-01,9061.26,9126.53,9031.16,9116.53,28196
2020-12-02,9161.75,9176.83,9086.38,9121.61,23572
2020-12-03,9121.61,9210.29,9091.91,9176.83,29506
2020-12-04,9191.9,9433.59,9191.9,9398.47,62491
2020-12-07,9446.66,9636.04,9435.86,9495.4,58331
2020-12-08,9508.46,9809.95,9498.41,9684.33,61454
2020-12-09,9764.48,9764.73,9629.06,9634.08,31152
2020-12-10,9634.08,9683.18,9573.79,9598.41,32654
2020-12-11,9607.85,9620.62,9457.26,9533.59,30776
2020-12-14,9572.63,9583.74,9508.46,9578.81,33052
2020-12-15,9601.42,9620.11,9458.22,9513.54,29605
2020-12-16,9586.35,9662.57,9534.64,9634.08,32150
2020-12-17,9661.72,9774.78,9634.08,9762.27,36031
2020-12-18,9693.43,9779.85,9639.51,9659.21,27077
2020-12-21,9634.08,9690.51,9622.02,9646.65,30697
2020-12-22,9684.18,9930.5,9646.7,9840.1,40651
2020-12-23,9925.47,9966.72,9538.71,9642.37,47706
2020-12-24,9523.54,9728.95,9408.07,9585.54,37857
2020-12-25,9448.12,9669.26,9433.09,9583.84,23088
2020-12-28,9566.75,9879.29,9563.99,9799.9,30080
2020-12-29,9799.9,9869.24,9709.46,9769.75,22868
2020-12-30,9784.83,10101.39,9784.78,10101.39,34452
2020-12-31,10141.59,10432.93,10131.54,10428.0,38860
2021-01-04,10437.95,10463.12,10356.7,10422.98,43514
2021-01-05,10387.8,10736.77,10349.92,10736.77,52116
2021-01-06,10763.66,11066.15,10619.09,10940.53,47410
2021-01-07,10925.46,11141.52,10814.91,11141.52,37931
2021-01-08,11151.57,11196.19,10754.71,10890.28,53862
2021-01-11,10890.28,11194.28,10732.5,10939.17,51080
2021-01-12,10880.23,11246.54,10865.16,11246.54,41059
2021-01-13,11262.12,11309.0,11116.4,11262.12,34390
2021-01-14,11221.92,11257.09,11021.48,11111.37,36152
2021-01-15,11015.9,11113.13,10583.77,10850.08,59509
2021-01-18,10744.86,10897.72,10640.4,10754.61,39144
2021-01-19,10805.41,10921.94,10472.47,10485.33,46345
2021-01-20,10478.25,10716.88,10350.12,10642.21,45082
2021-01-21,10679.24,10890.38,10644.07,10789.79,38310
2021-01-22,10784.76,10940.53,10740.04,10839.78,29248
2021-01-25,10855.11,11340.0,10855.11,11317.39,55957
2021-01-26,11367.64,11377.69,11066.7,11151.02,31747
2021-01-27,11151.02,11151.02,10865.16,10885.26,37120
2021-01-28,10840.03,10989.07,10739.64,10880.23,35129
2021-01-29,10946.51,11189.16,10891.39,11021.83,33701
2021-02-01,11091.27,11242.02,10915.41,10987.36,29341
2021-02-02,11001.93,11191.72,10951.08,11166.65,34582
2021-02-03,11191.77,11434.32,11141.52,11392.31,38714
2021-02-04,11397.79,12096.23,11397.79,12050.25,63851
2021-02-05,12071.11,12270.09,11900.26,12010.81,39729
2021-02-08,12131.41,12341.84,12010.81,12291.19,35786
2021-02-09,12291.19,12731.52,12196.73,12731.52,33297
2021-02-10,12875.07,13458.96,12875.07,13457.95,61371
2021-02-18,13392.53,13593.02,12774.58,12804.73,65912
2021-02-19,12705.04,12933.66,12355.51,12749.45,59385
2021-02-22,12724.33,12724.33,11836.05,11885.29,78935
2021-02-23,11770.32,12171.05,11769.62,11980.66,57455
2021-02-24,11985.64,12035.93,11244.53,11387.74,82116
2021-02-25,11488.23,11566.12,11047.11,11191.77,59726
2021-02-26,10940.53,11342.26,10776.22,11054.99,66525
2021-03-01,11337.49,11337.49,11041.03,11231.97,44916
2021-03-02,11342.51,11342.51,10603.87,10729.49,70765
2021-03-03,10639.04,11190.61,10603.87,11141.52,54215
2021-03-04,10915.41,10920.43,10488.8,10603.87,65088
2021-03-05,10438.05,10915.41,10377.75,10740.09,63779
2021-03-08,10814.71,10865.16,10237.06,10237.06,63100
2021-03-09,10211.93,10438.05,9936.48,10121.44,82266
2021-03-10,10322.48,10437.4,10272.23,10287.36,51172
2021-03-11,10312.43,10839.98,10244.5,10679.24,56769
2021-03-12,10789.79,10824.96,10448.15,10568.7,40323
2021-03-15,10689.29,10788.78,10192.59,10314.69,62485
2021-03-16,10312.08,10538.5,10262.18,10490.81,34649
2021-03-17,10438.05,10689.29,10317.51,10590.6,31375
2021-03-18,10613.92,10871.99,10613.92,10788.28,33865
2021-03-19,10613.92,10654.12,10399.01,10488.3,35781
2021-03-22,10438.55,10569.15,10214.7,10387.75,36914
2021-03-23,10432.42,10482.27,10287.31,10417.95,27446
2021-03-24,10342.58,10503.37,10342.58,10382.78,29357
2021-03-25,10287.36,10382.17,10170.73,10292.33,31575
2021-03-26,10362.68,10548.6,10227.01,10503.37,50016
2021-03-29,10655.12,10922.19,10569.45,10609.4,56992
2021-03-30,10639.04,10870.18,10614.32,10719.69,32627
2021-03-31,10664.67,10669.29,10438.05,10483.27,37154
2021-04-01,10543.57,10673.21,10444.18,10661.65,26588
2021-04-02,10719.44,11267.14,10719.44,11252.07,52028
2021-04-06,11247.04,11251.97,10952.09,11071.32,32742
2021-04-07,10960.93,11027.46,10689.29,10744.56,40201
2021-04-08,10674.37,10835.01,10659.14,10789.79,28548
2021-04-09,10649.09,10709.39,10463.22,10538.55,28809
2021-04-12,10493.32,10588.79,10396.34,10482.72,31943
2021-04-13,10538.55,10688.29,10483.27,10543.57,28992
2021-04-14,10613.92,10679.24,10518.45,10674.22,24115
2021-04-15,10593.32,10673.71,10387.8,10516.44,34366
2021-04-16,10564.07,10779.74,10498.35,10714.31,30294
2021-04-19,10714.41,10932.29,10603.87,10880.23,31754
2021-04-20,10795.31,11086.25,10789.79,10914.4,28290
2021-04-21,10819.93,10929.48,10765.16,10840.03,26150
2021-04-22,10889.78,10935.5,10696.83,10716.93,26850
2021-04-23,10719.29,11040.42,10701.85,10985.45,33463
2021-04-26,11101.32,11116.4,10807.88,10829.08,34045
2021-04-27,10875.61,10916.66,10765.11,10912.59,22108
2021-04-28,10488.3,10676.73,10453.12,10649.09,81343
2021-04-29,10674.42,10688.99,10508.4,10570.5,41284
2021-04-30,10568.7,10618.94,10456.69,10472.12,38401
2021-05-06,10438.05,10472.42,10201.89,10232.03,53546
2021-05-07,10262.18,10277.16,9940.6,9950.65,52493
2021-05-10,9935.57,9980.79,9764.78,9830.2,46003
2021-05-11,9814.98,10267.21,9801.41,10232.03,42494
2021-05-12,10182.19,10433.03,10181.79,10357.65,32699
2021-05-13,10265.95,10362.93,10201.89,10294.84,25078
2021-05-14,10347.6,10591.31,10317.46,10487.54,35611
2021-05-17,10564.17,10866.16,10564.17,10729.29,44524
2021-05-18,10764.66,10824.96,10664.47,10736.07,17504
2021-05-19,10734.51,10813.96,10639.04,10684.27,22410
2021-05-20,10809.89,10810.39,10665.98,10733.91,21857
2021-05-21,10714.82,10839.43,10624.07,10649.59,24248
2021-05-24,10694.31,10840.34,10593.82,10796.27,32548
2021-05-25,10865.16,11443.51,10865.16,11415.37,67757
2021-05-26,11483.11,11653.05,11408.24,11543.5,38604
2021-05-27,11498.38,12045.98,11448.54,11669.12,45373
2021-05-28,11648.87,11694.25,11470.7,11593.75,25807
2021-05-31,11520.89,11535.21,11302.31,11533.46,31739
2021-06-01,11553.55,11688.97,11473.16,11648.77,30616
2021-06-02,11694.25,11764.6,11484.11,11553.55,22863
2021-06-03,11543.5,11746.2,11493.66,11554.66,23450
2021-06-04,11518.38,11885.19,11513.56,11701.79,31422
2021-06-07,11769.62,11839.97,11644.05,11799.77,25466
2021-06-08,11744.5,11844.94,11247.8,11397.79,47314
2021-06-09,11402.81,11513.36,11242.57,11440.5,25502
2021-06-10,11417.88,11701.13,11393.16,11636.36,25567
2021-06-11,11638.98,11664.1,11336.53,11336.53,33971
2021-06-15,11418.39,11487.63,11181.72,11407.84,29361
2021-06-16,11402.81,11417.88,11181.72,11231.97,27593
2021-06-17,11220.16,11382.71,11163.43,11226.49,21068
2021-06-18,11176.69,11224.43,10764.66,10895.01,54028
2021-06-21,10865.16,10938.97,10689.29,10848.27,35488
2021-06-22,10900.33,10930.48,10708.84,10814.76,33228
2021-06-23,10840.03,10855.11,10609.65,10628.99,37079
2021-06-24,10639.09,10840.03,10543.57,10779.99,31474
2021-06-25,10786.03,11082.7,10749.05,10997.27,35875
2021-06-28,11037.47,11127.92,10901.8,11052.6,27452
2021-06-29,11077.67,11112.84,10791.26,10846.53,33031
2021-06-30,10861.61,10906.83,10767.64,10819.9,21916
2021-07-01,10836.33,11087.72,10693.78,11062.6,33701
2021-07-02,10911.85,10911.85,10592.78,10600.32,46275
2021-07-05,10534.99,10634.89,10459.62,10504.85,34421
2021-07-06,10509.87,10605.34,10334.05,10599.81,35283
2021-07-07,10585.24,10680.11,10530.02,10555.09,28122
2021-07-08,10535.5,10555.09,10374.2,10459.62,35517
2021-07-09,10356.71,10464.19,10258.63,10394.85,30908
2021-07-12,10412.14,10528.86,10236.02,10339.03,39010
2021-07-13,10374.2,10562.63,10359.13,10449.07,29925
2021-07-14,10404.35,10406.86,10258.63,10344.05,30771
2021-07-15,10308.98,10600.32,10286.77,10524.89,42190
2021-07-16,10434.5,10517.91,10283.75,10313.4,35408
2021-07-19,10313.35,10464.65,10238.53,10409.37,30052
2021-07-20,10409.37,10479.37,10341.09,10434.5,23475
2021-07-21,10479.72,10565.14,10344.1,10379.23,29780
2021-07-22,10334.0,10403.85,10228.28,10233.56,39090
2021-07-23,10222.55,10222.55,10007.84,10032.51,47585
2021-07-26,9926.99,9926.99,9429.54,9550.69,98619
2021-07-27,9545.11,9580.28,9042.63,9092.33,86577
2021-07-28,9042.63,9470.74,8937.71,9373.76,85369
2021-07-29,9580.33,9645.61,9200.11,9277.74,63864
2021-07-30,9153.18,9153.18,8815.31,8921.99,77736
2021-08-02,8846.66,9308.84,8629.19,9303.92,97401
2021-08-03,9178.3,9374.22,8971.28,9275.28,54375
2021-08-04,9198.7,9329.04,9118.0,9148.15,38175
2021-08-05,8991.78,9253.67,8908.77,9022.53,48060
2021-08-06,8972.28,8997.46,8759.23,8881.84,45686
2021-08-09,8781.34,9072.78,8776.32,8996.4,47698
2021-08-10,9027.56,9544.51,8901.94,9525.01,83285
2021-08-11,9429.59,9454.71,9278.85,9281.31,38663
2021-08-12,9188.35,9273.77,8958.16,8977.31,47551
2021-08-13,8977.31,9092.88,8922.04,9027.76,37905
2021-08-16,9007.46,9095.89,8952.59,9023.54,28057
2021-08-17,9027.56,9027.56,8670.19,8700.94,61201
2021-08-18,8648.99,8741.09,8525.08,8625.57,59970
2021-08-19,8636.73,8742.15,8525.08,8625.42,41292
2021-08-20,8299.82,8512.77,8150.73,8263.79,114545
2021-08-23,8212.94,8520.05,8207.36,8375.29,71597
2021-08-24,8399.46,8738.88,8353.08,8651.6,72594
2021-08-25,8764.46,8931.43,8741.14,8851.79,54239
2021-08-26,8851.64,8851.64,8498.55,8499.95,54020
2021-08-27,8469.8,8650.7,8445.18,8505.13,36095
2021-08-30,8550.2,8590.4,8253.49,8454.73,51588
2021-08-31,8473.82,8607.23,8299.46,8314.04,43677
2021-09-01,8319.06,8700.89,8178.87,8635.67,77316
2021-09-02,8690.84,8741.14,8529.55,8619.54,42837
2021-09-03,8575.43,8825.51,8434.63,8817.62,52835
2021-09-06,8771.29,9068.56,8656.48,8880.18,55338
2021-09-07,8831.74,8949.57,8781.34,8871.79,31211
2021-09-08,8826.56,8882.74,8666.17,8691.4,33064
2021-09-09,8655.72,8751.19,8645.72,8696.32,19950
2021-09-10,8696.32,8870.78,8690.9,8839.53,33388
2021-09-13,8851.69,8947.16,8726.57,8796.42,27720
2021-09-14,8821.54,8942.13,8791.39,8811.49,33761
2021-09-15,8776.32,8826.56,8575.32,8604.17,41570
2021-09-16,8540.15,8746.17,8449.71,8716.37,45968
2021-09-17,8625.57,9055.7,8625.57,8957.21,55130
2021-09-22,8820.69,8967.26,8700.94,8714.46,31743
2021-09-23,8716.02,8805.86,8651.1,8700.94,30342
2021-09-24,8665.77,9127.95,8665.77,8997.41,69537
2021-09-27,9278.8,9848.61,9278.8,9806.4,126869
2021-09-28,9771.23,9831.52,9504.91,9640.88,49221
2021-09-29,9575.26,9756.2,9459.19,9630.53,43291
2021-09-30,9621.39,9782.38,9547.12,9680.78,40539
2021-10-08,9642.69,9921.97,9566.36,9729.02,47452
2021-10-11,9728.56,9981.76,9685.85,9867.3,37676
2021-10-12,9861.67,9916.94,9743.19,9886.75,30606
2021-10-13,9881.77,10283.5,9841.57,10182.76,50143
2021-10-14,10177.88,10242.55,10012.42,10087.79,26623
2021-10-15,9982.77,10183.21,9982.77,10117.79,28561
2021-10-18,9972.22,9972.22,9464.71,9530.04,69652
2021-10-19,9530.04,9725.0,9529.43,9591.24,40315
2021-10-20,9695.85,9780.27,9560.23,9736.05,28663
2021-10-21,9736.55,9831.52,9675.75,9751.13,23019
2021-10-22,9806.4,10138.09,9801.37,10037.54,35963
2021-10-25,9932.02,9957.19,9821.47,9897.0,32461
2021-10-26,9851.77,9926.94,9751.13,9836.8,21130
2021-10-27,9792.83,9822.98,9530.54,9625.51,34647
2021-10-28,9656.66,9750.02,9540.08,9658.12,29491
2021-10-29,9655.66,9771.23,9595.36,9661.08,28776
2021-11-01,9429.54,9662.19,9329.04,9545.11,41690
2021-11-02,9513.45,9752.23,9469.74,9553.35,32500
2021-11-03,9530.04,9580.18,9335.02,9354.17,27829
2021-11-04,9419.19,9610.43,9376.38,9551.14,31130
2021-11-05,9551.19,9756.1,9551.19,9630.23,27077
2021-11-08,9630.53,9684.8,9540.34,9631.03,17706
2021-11-09,9630.43,9670.08,9439.59,9479.84,27352
2021-11-10,9479.84,9504.91,9203.42,9298.84,35349
2021-11-11,9293.52,9377.28,9236.09,9377.28,22652
2021-11-12,9419.49,9454.91,9362.51,9398.29,17607
2021-11-15,9397.78,9449.64,9278.8,9334.77,24947
2021-11-16,9369.24,9620.48,9354.17,9570.23,33526
2021-11-17,9555.16,9633.04,9479.84,9504.91,24505
2021-11-18,9435.67,9565.21,9379.29,9489.84,19521
2021-11-19,9500.84,9776.25,9470.74,9672.79,31156
2021-11-22,9776.25,10077.74,9771.23,9802.73,42573
2021-11-23,9791.32,10117.94,9791.32,10014.58,45782
2021-11-24,10032.51,10364.15,10017.44,10238.53,54512
2021-11-25,10298.83,10465.65,10264.91,10314.05,39753
2021-11-26,10358.27,10369.18,10158.13,10238.58,32656
2021-11-29,10334.0,10484.75,10289.18,10459.62,42399
2021-11-30,10461.63,10484.24,10170.7,10187.13,36925
2021-12-01,10283.75,10333.75,10128.09,10198.28,26254
2021-12-02,10233.51,10244.31,10131.0,10203.36,20422
2021-12-03,10193.31,10477.81,10188.53,10393.7,35818
2021-12-06,10449.57,10484.75,10283.75,10370.68,31064
2021-12-07,10438.22,10474.04,10267.32,10313.25,36980
2021-12-08,10358.52,10761.11,10283.75,10751.06,61048
2021-12-09,10811.06,11122.49,10761.11,10969.89,64239
2021-12-10,10836.48,11016.27,10816.38,10987.23,43148
2021-12-13,11308.81,11439.46,11127.92,11128.92,65807
2021-12-14,11128.92,11378.66,11037.47,11288.71,40449
2021-12-15,11249.27,11363.83,11163.19,11213.34,30078
2021-12-16,11112.84,11258.82,10968.28,11132.89,37211
2021-12-17,11039.99,11077.67,10715.89,10789.75,48403
2021-12-20,10789.75,10965.42,10741.01,10831.26,32258
2021-12-21,10761.11,10882.36,10599.46,10726.94,26286
2021-12-22,10735.99,10851.56,10735.99,10776.18,17431
2021-12-23,10801.31,11137.97,10660.61,11137.97,39099
2021-12-24,11283.08,11625.17,11283.08,11510.26,56130
2021-12-27,11379.16,11379.16,11097.77,11197.36,37556
2021-12-28,11203.29,11316.35,11120.88,11229.32,27651
2021-12-29,11288.71,11310.07,10741.01,10741.01,54049
2021-12-30,10741.01,10982.1,10675.69,10911.85,35261
2021-12-31,10886.73,10901.7,10675.69,10786.23,29665
2022-01-04,10811.36,10881.45,10605.34,10792.41,33843
2022-01-05,10761.11,10861.61,10625.44,10655.59,28396
2022-01-06,10645.59,10715.89,10226.02,10445.65,51795
2022-01-07,10409.37,10479.12,10230.09,10243.56,29817
2022-01-10,10173.26,10419.42,10120.7,10364.15,29627
2022-01-11,10273.7,10359.13,10189.14,10236.27,22277
2022-01-12,10273.7,10428.47,10273.7,10369.18,27474
2022-01-13,10358.22,10374.15,9859.46,9918.9,56747
2022-01-14,9918.9,9997.34,9846.6,9866.7,29322
2022-01-17,9871.72,9923.48,9707.61,9839.61,27354
2022-01-18,9839.96,10076.98,9791.32,9993.67,31216
2022-01-19,10127.99,10127.99,9976.64,10092.81,26371
2022-01-20,10112.91,10434.45,10112.91,10381.84,34014
2022-01-21,10334.0,10502.28,10288.83,10459.57,30813
2022-01-24,10308.88,10454.6,10190.49,10284.76,23986
2022-01-25,10248.58,10364.15,10188.28,10248.58,25510
2022-01-26,10243.76,10379.23,10127.99,10308.88,23905
2022-01-27,10540.07,10589.36,10293.8,10359.13,42665
2022-01-28,10308.88,10374.2,9932.07,9967.19,41020
2022-02-07,10037.49,10100.65,9781.27,9871.52,35150
2022-02-08,9876.14,9896.19,9479.79,9726.0,41713
2022-02-09,9726.45,10072.71,9665.55,10012.31,33885
2022-02-10,10032.51,10062.16,9818.41,9896.85,23032
2022-02-11,9816.45,10036.48,9736.05,9781.12,33746
2022-02-14,9731.03,9916.94,9717.51,9875.09,20196
2022-02-15,9875.74,10087.79,9826.5,9985.38,27106
2022-02-16,10032.51,10067.69,9972.22,9995.08,14587
2022-02-17,10035.58,10090.2,9937.04,9967.14,18214
2022-02-18,9920.11,10072.61,9859.96,10067.69,19385
2022-02-21,10032.51,10067.19,9876.49,9916.89,20816
2022-02-22,9831.57,9836.55,9530.14,9569.58,52299
2022-02-23,9587.37,9700.88,9530.44,9665.76,28112
2022-02-24,9570.23,9600.33,9269.25,9349.7,65359
2022-02-25,9404.42,9571.64,9404.42,9525.31,38979
2022-02-28,9465.01,9514.96,9364.22,9481.8,28923
2022-03-01,9540.08,9849.46,9540.08,9823.89,47379
2022-03-02,9731.03,9786.25,9655.66,9755.55,20074
2022-03-03,9760.17,9782.53,9499.89,9530.04,31547
2022-03-04,9389.34,9494.31,9304.42,9432.05,31047
2022-03-07,9330.05,9369.24,9046.65,9062.73,49156
2022-03-08,9328.94,9463.0,9188.35,9294.88,57215
2022-03-09,9349.65,9555.16,9133.63,9425.42,56434
2022-03-10,9570.23,9635.56,9484.81,9502.05,36462
2022-03-11,9359.19,9414.47,9118.4,9374.32,47727
2022-03-14,9178.3,9278.8,9027.56,9027.56,49007
2022-03-15,8776.32,8952.18,8540.15,8540.15,89056
2022-03-16,8695.92,8946.66,8489.9,8901.69,77593
2022-03-17,9128.05,9303.92,9086.15,9128.81,68352
2022-03-18,9118.0,9253.67,8988.76,9066.7,38349
2022-03-21,9148.15,9156.44,9002.48,9049.16,27877
2022-03-22,9147.55,9147.55,8958.87,9002.43,21054
2022-03-23,9052.68,9379.29,9012.48,9289.8,58067
2022-03-24,9218.5,9228.55,9114.74,9132.73,25815
2022-03-25,9087.85,9198.4,8952.18,8977.31,29709
2022-03-28,8650.7,8850.68,8545.18,8830.58,57542
2022-03-29,8834.1,8984.85,8834.1,8861.74,25935
2022-03-30,9017.51,9178.8,9002.43,9178.8,42433
2022-03-31,9128.05,9221.51,9071.77,9123.03,25174
2022-04-01,9178.0,9494.86,9136.54,9429.59,44862
2022-04-06,9293.87,9473.41,9293.87,9354.17,27820
2022-04-07,9318.99,9454.66,9279.3,9354.17,20196
2022-04-08,9369.24,9473.26,9361.91,9449.64,22941
2022-04-11,9379.29,9379.29,9057.86,9128.05,43864
2022-04-12,9173.28,9469.59,9067.75,9439.59,41630
2022-04-13,9364.22,9504.91,9284.22,9374.27,31148
2022-04-14,9469.74,9710.43,9430.54,9575.26,37650
2022-04-15,9541.09,9620.48,9509.38,9560.13,21041
2022-04-18,9435.22,9519.99,9369.24,9483.91,19793
2022-04-19,9530.04,9695.8,9406.93,9481.29,24205
2022-04-20,9538.53,9630.53,9372.66,9514.96,24156
2022-04-21,9480.79,9560.18,9379.29,9429.44,28953
2022-04-22,9344.12,9469.13,9329.95,9394.37,27900
2022-04-25,9278.8,9411.95,9037.61,9067.75,53658
2022-04-26,9044.29,9273.67,9027.56,9190.76,44564
2022-04-27,9364.82,9580.28,9364.82,9504.51,57402
2022-04-28,9494.86,9756.15,9462.2,9705.9,44010
2022-04-29,9710.93,9776.25,9585.21,9672.64,34885
2022-05-05,9680.78,9881.77,9675.65,9715.95,33661
2022-05-06,9605.36,9625.51,9434.56,9494.86,28596
2022-05-09,9429.54,9429.54,9218.5,9288.85,30352
2022-05-10,9128.05,9454.46,9052.73,9360.15,40119
2022-05-11,9303.92,9472.15,9288.85,9369.24,30313
2022-05-12,9293.87,9419.49,9278.8,9342.46,22038
2022-05-13,9429.54,9519.68,9359.19,9420.7,20731
2022-05-16,9514.96,9514.96,9241.96,9318.99,27765
2022-05-17,9378.69,9404.42,9303.92,9369.24,20145
2022-05-18,9397.68,9398.99,9243.72,9334.07,24850
2022-05-19,9253.67,9313.97,9223.52,9308.94,19776
2022-05-20,9328.99,9535.81,9288.85,9530.09,41950
2022-05-23,9530.04,9549.58,9389.34,9434.56,22157
2022-05-24,9459.69,9464.71,9306.43,9329.04,27342
2022-05-25,9355.52,9389.34,9263.72,9306.48,22389
2022-05-26,9334.07,9334.07,9178.3,9242.62,28053
2022-05-27,9328.99,9429.54,9293.92,9304.72,25120
2022-05-30,9359.19,9482.55,9359.19,9421.55,34466
2022-05-31,9403.26,9604.9,9364.12,9550.29,40751
2022-06-01,9540.08,9604.3,9424.51,9470.99,21760
2022-06-02,9469.59,9508.93,9429.54,9459.69,16915
2022-06-06,9479.79,9504.91,9318.99,9469.74,36741
2022-06-07,9450.34,9655.66,9380.85,9619.98,35049
2022-06-08,9655.66,9942.07,9655.66,9859.66,44354
2022-06-09,9891.82,9973.98,9776.25,9796.35,26329
2022-06-10,9756.2,10067.69,9705.9,10035.53,47345
2022-06-13,9982.27,9992.32,9771.63,9811.42,36755
2022-06-14,9700.88,9909.01,9690.83,9886.8,29416
2022-06-15,9881.77,10057.64,9846.55,9907.4,33664
2022-06-16,10005.33,10070.85,9908.55,9916.94,26887
2022-06-17,9922.42,10293.8,9922.42,10288.78,50542
2022-06-20,10283.75,10384.25,10183.26,10243.66,34975
2022-06-21,10278.73,10369.13,10173.21,10262.35,23717
2022-06-22,10308.88,10323.95,10193.31,10213.41,19647
2022-06-23,10247.07,10359.33,10233.51,10319.43,26844
2022-06-24,10384.25,10635.49,10359.13,10580.27,39635
2022-06-27,10635.19,10785.93,10536.5,10588.01,40115
2022-06-28,10634.18,10741.01,10540.02,10715.89,25246
2022-06-29,10675.69,10746.04,10590.32,10685.74,30360
2022-06-30,10643.91,11030.82,10643.86,10870.02,38982
2022-07-01,10920.27,10984.44,10720.33,10789.88,21596
2022-07-04,10744.45,10765.96,10648.98,10734.35,25076
2022-07-05,10770.93,10917.51,10694.15,10809.77,26329
2022-07-06,10804.7,10839.87,10573.56,10653.96,32752
2022-07-07,10669.03,10690.89,10568.58,10593.66,20932
2022-07-08,10669.03,10718.73,10624.61,10638.88,15644
2022-07-11,10594.66,10617.63,10395.18,10461.0,23949
2022-07-12,10468.04,10507.23,10292.47,10384.68,23447
2022-07-13,10367.54,10503.21,10345.79,10437.34,19854
2022-07-14,10442.91,10527.33,10347.44,10407.74,20527
2022-07-15,10368.1,10642.3,10365.08,10390.15,33416
2022-07-18,10404.53,10437.89,10251.97,10401.01,24221
2022-07-19,10367.54,10400.96,10272.07,10358.0,21956
2022-07-20,10436.63,10493.16,10367.54,10393.17,18705
2022-07-21,10358.0,10422.31,10314.83,10337.39,14061
2022-07-22,10388.75,10452.96,10317.29,10377.59,25114
2022-07-25,10390.2,10404.22,10297.2,10365.78,16912
2022-07-26,10407.69,10467.89,10377.69,10393.72,20685
2022-07-27,10352.47,10382.62,10226.85,10239.91,21490
2022-07-28,10247.45,10332.37,10104.54,10131.38,34870
2022-07-29,10116.81,10236.85,10031.38,10133.59,37032
2022-08-01,10091.23,10181.63,10046.86,10092.69,21037
2022-08-02,10040.93,10081.03,9930.44,10040.83,28221
2022-08-03,10091.13,10161.53,10025.86,10066.06,24598
2022-08-04,10091.18,10257.5,10041.58,10221.87,30357
2022-08-05,10281.12,10317.29,10166.05,10261.82,20086
2022-08-08,10217.55,10306.64,10179.16,10199.36,16799
2022-08-09,10199.36,10236.85,10166.55,10191.67,13875
2022-08-10,10191.57,10231.87,9963.45,10020.83,27927
2022-08-11,10071.08,10176.6,10030.93,10176.1,26061
2022-08-12,10176.1,10292.17,10141.43,10282.12,20260
2022-08-15,10244.23,10339.91,10219.56,10241.37,19323
2022-08-16,10261.72,10311.21,10221.82,10231.07,14836
2022-08-17,10292.17,10292.17,10116.3,10231.87,18361
2022-08-18,10181.63,10207.15,10046.31,10118.82,23168
2022-08-19,10131.38,10183.38,10081.13,10116.35,13544
2022-08-22,10066.11,10176.6,10047.87,10111.18,15427
2022-08-23,10134.39,10134.39,9975.61,9990.73,23756
2022-08-24,9990.63,10016.96,9895.21,9911.29,18728
2022-08-25,9935.41,10081.13,9911.29,10066.06,21925
2022-08-26,10141.43,10201.72,10071.08,10131.38,23142
2022-08-29,10056.01,10141.28,10010.78,10035.0,13570
2022-08-30,10052.74,10066.06,9911.29,9990.68,18235
2022-08-31,9940.94,10269.86,9940.49,10262.02,44692
2022-09-01,10202.48,10221.82,10045.4,10045.4,26845
2022-09-02,10090.88,10106.05,9971.44,10015.81,19391
2022-09-05,9953.7,9985.66,9739.44,9814.82,36822
2022-09-06,9816.62,9881.14,9764.57,9865.06,20830
2022-09-07,9814.97,9828.18,9694.27,9729.44,28306
2022-09-08,9739.44,9799.74,9714.32,9714.32,16591
2022-09-09,9764.57,9900.24,9719.34,9864.01,27090
2022-09-13,10040.93,10083.04,9931.54,10035.91,28693
2022-09-14,9960.58,10040.93,9955.51,9985.66,16042
2022-09-15,9990.68,10106.86,9990.48,10040.93,20810
2022-09-16,9999.73,10069.07,9915.86,9935.41,24121
2022-09-19,9915.31,10084.09,9904.66,9998.92,18584
2022-09-20,9990.58,10064.05,9933.15,10030.88,14116
2022-09-21,10024.2,10056.01,9880.14,9880.14,20995
2022-09-22,9839.94,9845.06,9723.62,9743.51,22704
2022-09-23,9743.51,9915.31,9743.51,9811.95,28288
2022-09-26,9739.44,10081.13,9739.34,9955.51,35135
2022-09-27,9984.95,10126.35,9895.76,10081.13,28820
2022-09-28,10043.44,10138.41,10010.83,10056.01,21446
2022-09-29,10131.28,10152.38,9996.36,10042.69,21590
2022-09-30,10134.49,10151.43,9970.58,10003.25,21289
2022-10-10,10091.18,10096.2,9539.46,9568.6,48584
2022-10-11,9583.68,9669.1,9437.96,9538.4,32047
2022-10-12,9506.59,9533.43,9176.67,9437.96,48195
2022-10-13,9239.28,9312.34,9121.39,9136.42,63969
2022-10-14,9186.72,9412.83,9146.22,9325.45,46520
2022-10-17,9267.11,9277.11,9125.41,9229.43,33550
2022-10-18,9262.09,9287.21,9141.49,9165.76,28083
2022-10-19,9146.42,9146.42,8875.18,8875.18,60121
2022-10-20,8739.51,8977.84,8689.26,8852.57,42778
2022-10-21,8834.98,8874.17,8684.24,8754.58,38907
2022-10-24,8483.25,8578.72,8071.26,8137.94,132098
2022-10-25,8028.1,8206.88,7990.82,8029.76,81362
2022-10-26,8075.23,8206.83,7930.52,7951.02,81781
2022-10-27,8031.01,8071.11,7547.88,7634.06,107106
2022-10-28,7582.65,7659.18,7421.56,7428.04,93143
2022-10-31,7377.79,7538.64,7292.37,7377.79,71847
2022-11-01,7423.01,7977.75,7423.01,7940.62,118766
2022-11-02,7930.52,8161.66,7809.92,7990.62,79777
2022-11-03,7847.96,7943.08,7770.23,7827.51,45160
2022-11-04,7819.77,8271.05,7819.77,8214.77,80008
2022-11-07,8101.61,8224.37,8064.13,8167.24,42698
2022-11-08,8171.71,8221.91,7975.54,8055.54,39325
2022-11-09,8050.86,8075.63,7880.27,7930.02,36090
2022-11-10,7850.12,8056.14,7805.65,8005.89,37720
2022-11-11,8272.2,8354.86,8106.29,8272.96,73947
2022-11-14,8350.09,8450.74,8272.2,8297.33,57370
2022-11-15,8292.3,8628.81,8237.03,8573.69,56318
2022-11-16,8538.52,8623.94,8473.2,8559.87,26848
2022-11-17,8586.25,8615.4,8397.22,8468.17,30580
2022-11-18,8513.39,8553.59,8412.9,8468.82,23609
2022-11-21,8339.29,8339.29,8124.12,8231.91,39096
2022-11-22,8219.14,8431.69,8212.46,8332.25,29901
2022-11-23,8272.2,8417.92,8237.23,8377.73,22177
2022-11-24,8427.97,8477.62,8201.76,8231.96,27687
2022-11-25,8234.57,8292.3,8181.76,8242.11,18621
2022-11-28,8055.03,8206.88,7885.3,8181.16,47723
2022-11-29,8481.03,8633.99,8387.77,8628.96,73420
2022-11-30,8569.27,8654.09,8558.62,8628.96,31497
2022-12-01,8935.48,9035.97,8788.7,8788.75,51358
2022-12-02,8809.86,8900.25,8740.51,8804.23,23884
2022-12-05,8975.68,9030.95,8880.2,8960.1,36127
2022-12-06,8910.35,9271.64,8895.28,9076.17,44147
2022-12-07,9024.97,9236.96,8985.88,9056.07,35526
2022-12-08,9046.02,9111.34,8960.6,9071.25,19730
2022-12-09,9096.27,9287.21,9046.02,9287.21,39215
2022-12-12,9216.16,9468.1,9211.84,9332.54,34755
2022-12-13,9322.39,9441.42,9287.21,9387.71,21385
2022-12-14,9352.53,9542.47,9352.53,9492.58,29098
2022-12-15,9664.07,9719.34,9538.45,9573.58,30634
2022-12-16,9504.53,9593.72,9352.53,9572.97,33303
2022-12-19,9632.92,9632.92,9438.81,9503.28,24987
2022-12-20,9464.74,9464.74,9048.28,9211.84,46198
2022-12-21,9257.06,9332.44,9225.16,9332.44,22816
2022-12-22,9421.37,9553.53,9362.58,9478.15,23175
2022-12-23,9399.77,9548.5,9362.58,9493.23,17319
2022-12-26,9493.23,9493.23,9312.44,9347.81,21384
2022-12-27,9437.5,9483.48,9374.69,9412.38,17905
2022-12-28,9477.1,9482.73,9286.81,9412.38,21438
2022-12-29,9331.98,9382.18,9251.84,9342.03,22418
2022-12-30,9427.45,9512.83,9382.23,9382.23,25333
2023-01-03,9403.34,9439.66,9276.76,9397.36,26034
2023-01-04,9397.31,9441.02,9326.96,9372.23,20416
2023-01-05,9432.48,9754.07,9412.38,9754.07,47943
2023-01-06,9779.79,9808.84,9683.72,9767.98,24904
2023-01-09,9924.91,10000.18,9788.33,9956.06,30977
2023-01-10,9945.31,10073.14,9902.3,10022.64,22732
2023-01-11,10030.43,10050.53,9934.15,9974.91,22720
2023-01-12,9990.23,10030.43,9914.86,9919.88,17193
2023-01-13,9971.04,10191.22,9950.03,10186.2,31940
2023-01-16,10181.17,10427.39,10156.05,10316.34,36848
2023-01-17,10317.65,10367.09,10226.4,10291.72,21299
2023-01-18,10321.87,10378.65,10201.27,10216.35,21063
2023-01-19,10213.83,10213.93,10080.68,10152.08,23439
2023-01-20,10197.2,10242.73,10040.48,10050.58,25609
2023-01-30,10296.74,10296.74,10151.02,10191.22,35923
2023-01-31,10233.93,10251.27,9915.21,9978.98,32991
2023-02-01,10025.3,10045.5,9806.32,9975.01,33974
2023-02-02,9992.14,10045.5,9879.69,9930.49,29759
2023-02-03,9849.54,9879.69,9727.33,9839.49,34945
2023-02-06,9648.55,9723.92,9548.05,9723.92,42661
2023-02-07,9789.64,9793.26,9687.39,9733.97,24322
2023-02-08,9749.09,9779.04,9623.42,9668.64,16676
2023-02-09,9638.5,9898.53,9623.47,9839.49,29754
2023-02-10,9799.79,9841.95,9754.32,9799.29,17985
2023-02-13,9799.29,10123.39,9799.29,10032.19,38147
2023-02-14,10032.74,10037.46,9924.91,9969.08,19566
2023-02-15,9969.03,10026.91,9928.98,9955.06,18177
2023-02-16,9956.77,10186.2,9889.74,10059.67,33246
2023-02-17,10001.08,10115.85,9849.79,9853.46,26443
2023-02-20,9854.56,10144.99,9835.47,10125.9,29669
2023-02-21,10120.88,10120.88,10005.31,10085.7,18751
2023-02-22,10025.45,10070.13,9908.83,9929.93,21869
2023-02-23,9950.03,9994.25,9775.42,9839.49,21881
2023-02-24,9799.84,9800.24,9659.5,9688.74,24635
2023-02-27,9641.01,9824.41,9623.52,9801.35,22065
2023-02-28,9844.51,9859.64,9665.13,9818.08,23952
2023-03-01,9814.36,9990.23,9765.27,9942.65,24458
2023-03-02,9894.76,9944.96,9855.06,9889.74,13144
2023-03-03,9948.88,9958.12,9761.5,9839.69,16198
2023-03-06,9840.39,9842.0,9732.81,9784.92,20646
2023-03-07,9779.09,9832.45,9688.74,9690.25,22785
2023-03-08,9648.65,9678.39,9553.68,9600.41,22764
2023-03-09,9588.25,9673.67,9447.55,9598.4,27612
2023-03-10,9505.69,9653.57,9497.8,9497.8,21161
2023-03-13,9502.83,9623.42,9492.78,9558.1,20560
2023-03-14,9567.04,9647.94,9440.02,9578.2,23705
2023-03-15,9640.35,9673.07,9498.4,9502.42,19213
2023-03-16,9447.55,9598.3,9442.58,9507.8,17646
2023-03-17,9598.3,9627.89,9427.45,9457.6,27023
2023-03-20,9502.83,9522.93,9387.26,9395.3,20491
2023-03-21,9422.43,9677.94,9367.01,9623.42,31142
2023-03-22,9648.55,9713.87,9575.94,9615.13,15330
2023-03-23,9578.2,9704.37,9573.22,9622.72,17356
2023-03-24,9593.67,9666.63,9578.2,9641.61,12770
2023-03-27,9641.51,9641.51,9527.95,9587.19,15296
2023-03-28,9598.3,9698.79,9573.27,9657.59,17261
2023-03-29,9744.02,9749.04,9674.02,9698.79,15393
2023-03-30,9713.87,9774.16,9643.52,9749.04,19257
2023-03-31,9874.66,9990.23,9844.51,9849.54,27446
2023-04-03,9874.66,9888.58,9749.44,9759.44,21417
2023-04-04,9809.34,9825.27,9683.72,9822.35,20066
2023-04-06,9774.16,9828.94,9689.85,9733.77,14874
2023-04-07,9723.92,9779.24,9690.45,9703.77,13525
2023-04-10,9703.21,9703.21,9467.65,9606.84,29418
2023-04-11,9713.87,9713.87,9467.65,9475.19,29209
2023-04-12,9484.03,9497.8,9210.48,9216.92,51105
2023-04-13,9196.31,9365.1,9166.22,9362.13,29543
2023-04-14,9377.21,9412.38,9270.68,9313.99,21232
2023-04-17,9447.55,9512.88,9387.26,9512.88,30467
2023-04-18,9512.88,9593.27,9477.8,9538.0,18314
2023-04-19,9558.1,9575.69,9497.8,9543.02,14601
2023-04-20,9548.6,9573.17,9392.28,9457.0,19885
2023-04-21,9477.7,9488.15,9353.49,9374.54,18518
2023-04-24,9352.08,9357.11,9251.59,9271.69,20231
2023-04-25,9276.71,9427.35,9256.61,9399.21,20583
2023-04-26,9467.65,9553.07,9347.06,9467.2,27892
2023-04-27,9487.75,9598.3,9397.31,9537.6,25605
2023-04-28,9563.17,9662.46,9517.75,9550.66,26225
2023-05-04,9593.27,9636.84,9427.45,9497.3,27466
2023-05-05,9578.2,9578.2,9429.41,9497.8,20714
2023-05-08,9589.86,9593.27,9332.84,9349.67,33171
2023-05-09,9321.93,9447.45,9282.09,9357.11,29378
2023-05-10,9322.89,9427.45,9321.93,9372.18,20773
2023-05-11,9402.33,9422.43,9321.93,9332.33,15246
2023-05-12,9321.93,9396.7,9271.74,9278.72,19460
2023-05-15,9256.61,9331.98,9202.34,9328.47,25740
2023-05-16,9316.86,9347.01,9231.49,9263.09,22224
2023-05-17,9286.76,9311.88,9241.59,9251.59,16777
2023-05-18,9271.64,9273.7,9196.31,9201.34,19219
2023-05-19,9100.84,9268.32,9023.21,9244.05,26741
2023-05-22,9196.36,9507.85,9196.31,9477.7,41284
2023-05-23,9517.85,9517.9,9369.92,9369.92,16894
2023-05-24,9409.01,9415.14,9297.36,9301.33,18479
2023-05-25,9276.66,9296.81,9196.31,9251.59,22466
2023-05-26,9256.61,9271.69,9120.99,9199.13,18291
2023-05-29,9231.49,9238.27,9136.02,9191.29,17771
2023-05-30,9191.29,9240.98,9038.33,9087.23,26453
2023-05-31,9050.65,9074.31,8878.09,8889.3,36957
2023-06-01,8834.53,9120.89,8834.53,8924.57,28645
2023-06-02,8970.2,9111.65,8925.53,9098.83,25058
2023-06-05,9076.52,9160.54,9060.64,9070.69,16201
2023-06-06,9095.82,9166.17,9003.11,9080.69,19914
2023-06-07,9110.84,9140.04,8995.32,8999.84,17890
2023-06-08,9024.62,9120.94,8995.37,9085.77,14703
2023-06-09,9105.82,9135.87,9075.72,9075.72,17580
2023-06-12,9075.82,9286.76,9053.21,9226.46,27029
2023-06-13,9215.81,9269.73,9171.19,9241.54,14663
2023-06-14,9342.03,9418.61,9277.77,9381.63,31506
2023-06-15,9399.01,9526.19,9362.13,9522.93,25223
2023-06-16,9532.97,9749.04,9498.3,9737.43,37918
2023-06-19,9698.79,9738.74,9437.5,9467.65,31700
2023-06-20,9447.55,9573.17,9422.43,9464.94,20947
2023-06-21,9447.55,9530.96,9422.43,9426.6,17721
2023-06-26,9347.61,9397.31,9221.44,9291.78,23993
2023-06-27,9296.76,9345.55,9247.01,9302.09,15174
2023-06-28,9312.79,9417.4,9301.83,9389.17,18574
2023-06-29,9402.33,9422.38,9311.93,9315.45,14231
2023-06-30,9376.76,9421.93,9308.82,9331.54,20459
2023-07-03,9371.73,9503.79,9336.56,9497.86,19139
2023-07-04,9498.36,9549.81,9467.61,9530.52,12472
2023-07-05,9527.5,9537.4,9376.76,9454.04,14745
2023-07-06,9422.79,9542.58,9376.76,9391.73,15141
2023-07-07,9381.78,9421.93,9326.51,9326.66,15167
2023-07-10,9401.88,9451.93,9376.76,9381.28,13477
2023-07-11,9427.01,9452.99,9387.31,9427.01,12583
2023-07-12,9442.28,9492.33,9433.69,9446.1,13285
2023-07-13,9487.25,9604.93,9472.28,9569.71,25807
2023-07-14,9658.15,9670.71,9583.78,9643.07,18550
2023-07-17,9633.02,9633.02,9510.42,9527.35,14336
2023-07-18,9545.49,9550.16,9482.28,9491.32,14738
2023-07-19,9452.18,9517.45,9446.1,9492.33,12483
2023-07-20,9517.4,9622.87,9487.3,9497.35,16693
2023-07-21,9536.95,9741.06,9507.4,9735.03,39377
2023-07-24,9630.61,9734.27,9630.61,9734.27,19713
2023-07-25,9879.24,10024.35,9879.19,10022.7,43086
2023-07-26,10022.7,10060.08,9955.01,10022.7,19611
2023-07-27,10060.13,10154.55,10023.45,10070.33,20340
2023-07-28,10040.03,10381.72,10019.98,10366.64,39018
2023-07-31,10421.92,10557.59,10251.07,10284.14,45379
2023-08-01,10271.22,10416.64,10270.62,10326.44,19231
2023-08-02,10298.31,10331.47,10214.89,10281.22,18509
2023-08-03,10230.97,10331.47,10132.99,10273.53,21543
2023-08-04,10320.52,10414.48,10291.27,10348.91,24574
2023-08-07,10286.0,10371.67,10236.15,10321.07,23892
2023-08-08,10281.37,10350.11,10201.23,10331.47,17736
2023-08-09,10331.47,10406.84,10296.1,10332.88,18523
2023-08-10,10291.27,10326.44,10192.28,10256.1,18436
2023-08-11,10306.35,10308.36,10049.48,10050.08,26786
2023-08-14,9929.49,10004.76,9859.14,9894.31,23731
2023-08-15,9924.46,9969.68,9884.31,9944.46,14818
2023-08-16,9917.33,9996.57,9909.39,9979.73,13184
2023-08-17,9909.79,10050.08,9887.03,10020.18,17290
2023-08-18,10039.98,10055.06,9892.25,9892.25,17023
2023-08-21,9844.06,9949.54,9829.34,9834.02,18912
2023-08-22,9884.21,9892.1,9733.62,9818.94,26650
2023-08-23,9864.16,9879.24,9728.9,9748.59,19912
2023-08-24,9776.83,10019.93,9753.62,9961.14,26055
2023-08-25,9923.41,10069.02,9909.44,10004.76,18831
2023-08-28,10374.58,10374.58,10039.43,10054.96,41052
2023-08-29,10019.93,10226.35,10019.93,10137.16,28950
2023-08-30,10220.42,10220.92,10098.62,10160.63,19812
2023-08-31,10180.73,10180.73,10085.31,10115.4,14820
2023-09-01,10144.7,10208.21,10110.53,10135.75,13145
2023-09-04,10193.79,10280.92,10148.22,10210.87,23871
2023-09-05,10220.92,10220.92,10164.65,10174.19,15659
2023-09-06,10170.68,10214.19,10125.5,10185.75,11121
2023-09-07,10143.54,10165.1,10035.96,10070.18,16982
2023-09-08,10054.8,10054.8,9954.36,9972.2,12212
2023-09-11,9919.44,10080.23,9919.44,9990.64,15926
2023-09-12,10012.9,10014.81,9959.74,9979.53,12168
2023-09-13,10029.58,10029.58,9879.49,9979.28,19501
2023-09-14,9992.45,10014.81,9909.39,9973.15,17505
2023-09-15,9974.71,9978.63,9785.27,9788.74,28431
2023-09-18,9760.2,10027.47,9743.57,10025.96,32559
2023-09-19,9990.79,10024.96,9919.44,10014.61,14990
2023-09-20,9989.78,10029.98,9969.94,9999.83,12502
2023-09-21,9969.73,9989.78,9871.15,9871.15,19489
2023-09-22,9907.53,10130.28,9841.1,10125.45,34390
2023-09-25,10117.92,10120.43,10012.85,10041.94,13979
2023-09-26,10019.93,10054.5,9945.06,9959.63,15762
2023-09-27,9954.61,10047.57,9893.31,9949.59,20880
2023-09-28,10004.76,10004.76,9868.18,9871.95,20538
2023-10-09,9863.86,9863.86,9702.87,9763.67,29763
2023-10-10,9793.26,9874.11,9718.44,9728.49,20284
2023-10-11,9802.11,9802.11,9718.44,9771.21,21945
2023-10-12,9868.69,9870.34,9764.67,9808.89,14865
2023-10-13,9732.92,9768.74,9568.66,9633.02,25028
2023-10-16,9632.92,9658.15,9489.57,9527.0,20790
2023-10-17,9572.73,9574.94,9457.16,9507.4,14945
2023-10-18,9471.23,9587.8,9463.09,9517.45,20318
2023-10-19,9376.76,9376.91,9005.08,9025.02,73492
2023-10-20,9025.02,9150.64,8955.93,9100.4,45376
2023-10-23,9024.87,9175.77,8982.82,9095.27,25234
2023-10-24,9115.47,9142.4,8980.86,9090.09,29861
2023-10-25,9226.57,9366.71,9211.04,9263.7,36179
2023-10-26,9210.94,9316.46,9185.87,9237.22,22386
2023-10-27,9195.87,9335.96,9178.78,9259.73,34262
2023-10-30,9220.99,9320.88,9220.99,9281.29,24086
2023-10-31,9276.26,9326.51,9215.21,9299.28,19859
2023-11-01,10130.48,10130.48,9747.54,9783.72,93143
2023-11-02,9854.11,9854.11,9758.94,9776.23,27908
2023-11-03,9778.74,9954.06,9748.59,9935.72,30176
2023-11-06,9979.73,9998.78,9884.87,9939.54,25524
2023-11-07,9904.36,9929.49,9799.24,9834.87,19582
2023-11-08,9799.09,9898.33,9793.16,9870.9,14546
2023-11-09,9829.54,9874.21,9793.82,9849.64,12800
2023-11-10,9781.51,9818.94,9744.07,9757.84,16466
2023-11-13,9739.95,9803.26,9663.07,9698.35,18370
2023-11-14,9698.35,9753.57,9678.3,9704.73,12817
2023-11-15,9773.72,9793.26,9713.42,9743.22,18435
2023-11-16,9748.59,9758.64,9678.5,9678.5,12558
2023-11-17,9638.05,9673.22,9567.2,9645.18,21714
2023-11-20,9653.12,9725.98,9560.97,9690.81,18608
2023-11-21,9795.93,9869.19,9729.0,9828.99,30098
2023-11-22,9795.32,9850.85,9781.46,9786.33,12665
2023-11-23,9770.2,9818.94,9733.52,9808.89,11550
2023-11-24,9823.97,9823.97,9753.62,9763.67,13085
2023-11-27,9745.08,9745.08,9653.12,9693.32,16261
2023-11-28,9683.27,9747.99,9668.2,9723.67,14520
2023-11-29,9718.44,9758.64,9668.2,9752.16,17149
2023-11-30,9762.26,9852.91,9733.92,9836.53,21353
2023-12-01,9825.52,9827.48,9617.95,9679.65,33051
2023-12-04,9679.65,9687.44,9604.28,9631.57,18440
2023-12-05,9621.87,9622.37,9417.06,9421.98,29903
2023-12-06,9389.97,9474.59,9382.44,9391.83,23851
2023-12-07,9396.86,9422.38,9312.94,9376.76,25042
2023-12-08,9376.76,9421.18,9337.67,9401.48,26288
2023-12-11,9326.51,9396.86,9160.69,9366.71,36831
2023-12-12,9314.45,9426.96,9296.36,9426.96,21011
2023-12-13,9402.99,9405.5,9161.1,9175.77,38789
2023-12-14,9205.72,9225.36,9050.25,9054.67,40672
2023-12-15,9116.63,9265.06,9095.42,9100.4,37093
2023-12-18,9075.27,9192.5,9050.15,9185.82,19897
2023-12-19,9200.89,9275.61,9100.85,9251.14,22207
2023-12-20,9261.72,9271.77,9186.35,9220.47,23092
2023-12-21,9171.33,9333.68,9171.33,9322.02,29012
2023-12-22,9320.51,9367.74,9261.77,9325.29,21667
2023-12-25,9327.04,9365.23,9311.97,9332.07,12471
2023-12-26,9334.58,9346.64,9259.21,9322.02,14771
2023-12-27,9311.97,9357.95,9276.8,9307.25,16056
2023-12-28,9326.99,9613.41,9307.25,9598.33,38338
2023-12-29,9573.26,9721.89,9573.26,9603.41,27539
2024-01-02,9548.13,9564.16,9362.72,9397.44,32156
2024-01-03,9377.84,9448.74,9353.83,9442.61,20229
2024-01-04,9437.59,9437.59,9286.49,9316.99,21551
2024-01-05,9278.45,9365.53,9232.13,9288.65,20243
2024-01-08,9276.8,9281.82,9171.33,9191.32,25586
2024-01-09,9176.35,9233.18,9146.5,9176.3,24412
2024-01-10,9176.8,9269.06,9161.23,9178.81,17351
2024-01-11,9171.78,9261.42,9161.53,9204.29,16441
2024-01-12,9171.12,9227.85,9168.26,9186.65,11603
2024-01-15,9146.15,9246.5,9143.39,9171.28,17854
2024-01-16,9163.74,9206.45,9095.6,9168.41,25903
2024-01-17,9121.03,9148.56,8854.71,8854.71,51633
2024-01-18,8839.64,9034.6,8746.93,9024.9,60440
2024-01-19,9014.85,9161.28,8974.71,9146.15,46378
2024-01-22,9116.0,9186.35,9065.15,9181.32,46946
2024-01-23,9131.13,9171.02,9015.51,9065.75,34835
2024-01-24,9116.0,9140.32,8988.17,9100.93,33216
2024-01-25,9105.05,9176.3,9080.83,9161.23,31206
2024-01-26,9122.84,9191.88,9085.85,9157.81,26955
2024-01-29,9172.78,9274.69,9172.73,9221.52,31421
2024-01-30,9221.42,9221.42,9020.53,9035.61,30866
2024-01-31,9035.61,9070.63,8960.89,8994.96,29649
2024-02-01,8997.92,9090.33,8975.31,9020.68,26485
2024-02-02,9045.66,9109.87,8874.81,8950.18,39382
2024-02-05,8950.18,9158.41,8946.42,9121.08,53130
2024-02-06,9121.08,9399.8,9101.43,9352.17,52472
2024-02-07,9377.44,9546.07,9279.86,9527.99,52601
2024-02-08,9573.31,9598.38,9397.39,9502.91,46757
2024-02-19,9663.05,9663.35,9412.47,9449.8,36977
2024-02-20,9459.5,9459.5,9254.49,9322.02,34470
2024-02-21,9302.02,9628.53,9281.82,9561.5,46154
2024-02-22,9510.45,9588.38,9475.43,9565.12,22794
2024-02-23,9528.59,9595.27,9472.86,9543.56,27306
2024-02-26,9512.96,9516.68,9397.49,9447.54,27318
2024-02-27,9387.34,9437.19,9362.22,9420.0,22080
2024-02-28,9417.09,9455.53,9342.17,9380.06,31867
2024-02-29,9380.06,9455.18,9368.25,9447.64,24758
2024-03-01,9422.51,9447.49,9355.58,9397.69,26868
2024-03-04,9367.24,9377.24,9322.27,9353.68,26485
2024-03-05,9326.09,9457.69,9305.34,9448.14,36238
2024-03-06,9427.54,9447.64,9362.32,9375.03,22142
2024-03-07,9372.27,9421.51,9362.22,9390.51,21599
2024-03-08,9375.08,9405.83,9322.27,9329.2,22156
2024-03-11,9347.14,9467.14,9338.0,9445.08,29895
2024-03-12,9442.31,9719.48,9425.03,9698.88,54227
2024-03-13,9673.6,9713.95,9573.76,9610.69,26500
2024-03-14,9568.23,9647.83,9530.55,9556.33,19405
2024-03-15,9535.57,9635.57,9533.06,9560.65,17834
2024-03-18,9548.13,9572.5,9467.74,9514.27,26055
2024-03-19,9487.84,9572.96,9438.14,9513.06,23948
2024-03-20,9489.65,9541.5,9473.92,9521.0,15249
2024-03-21,9513.46,9568.23,9495.37,9517.99,16596
2024-03-22,9498.04,9517.94,9412.47,9479.55,25456
2024-03-25,9465.43,9466.58,9375.18,9417.54,24473
2024-03-26,9409.75,9537.08,9409.75,9519.44,28069
2024-03-27,9497.89,9533.06,9467.74,9477.79,18113
2024-03-28,9447.64,9563.21,9438.59,9481.0,24642
2024-03-29,9481.0,9527.99,9463.22,9487.33,13457
2024-04-01,9522.96,9643.61,9516.48,9579.94,27131
2024-04-02,9583.31,9598.33,9498.14,9543.06,25449
2024-04-03,9643.61,9670.94,9523.11,9548.69,29046
2024-04-08,9447.64,9452.66,9284.84,9305.24,59167
2024-04-09,9275.14,9337.09,9263.98,9282.93,25590
2024-04-10,9283.18,9296.84,9196.4,9211.37,27631
2024-04-11,9171.83,9221.52,9144.59,9211.47,22766
2024-04-12,9226.55,9291.87,9141.28,9141.28,26744
2024-04-15,9146.2,9350.21,9146.05,9336.99,35818
2024-04-16,9299.36,9370.06,9266.75,9322.02,26266
2024-04-17,9311.97,9348.15,9261.72,9306.94,24819
2024-04-18,9266.8,9387.24,9262.63,9325.94,26568
2024-04-19,9275.69,9314.48,9177.71,9204.64,23500
2024-04-22,9241.62,9366.64,9196.4,9347.44,29951
2024-04-23,9347.14,9447.64,9347.14,9433.97,24980
2024-04-24,9457.59,9472.31,9389.0,9440.6,17086
2024-04-25,9424.17,9450.65,9383.57,9437.79,14476
2024-04-26,9442.61,9543.11,9442.51,9520.15,30996
2024-04-29,9457.44,9613.46,9441.71,9492.86,41332
2024-04-30,9497.94,9622.9,9497.89,9497.89,30760
2024-05-06,9643.45,9799.37,9608.43,9775.26,59909
2024-05-07,9803.34,9863.69,9757.57,9824.5,24925
2024-05-08,9822.94,9824.35,9752.49,9794.2,14769
2024-05-09,9764.2,9799.27,9724.0,9754.15,22387
2024-05-10,9779.78,9813.85,9643.56,9668.63,26207
2024-05-13,9633.66,9636.87,9478.89,9502.91,37662
2024-05-14,9502.86,9539.44,9472.81,9482.71,21274
2024-05-15,9485.73,9512.96,9465.68,9472.76,15739
2024-05-16,9497.89,9522.41,9422.51,9495.37,29680
2024-05-17,9472.81,9556.07,9472.76,9548.13,28924
2024-05-20,9563.16,9638.53,9513.51,9517.99,31426
2024-05-21,9512.96,9521.65,9463.52,9497.89,16293
2024-05-22,9487.84,9522.81,9427.54,9461.26,20286
2024-05-23,9472.76,9504.82,9422.92,9432.61,18885
2024-05-24,9437.59,9447.64,9357.19,9357.59,20217
2024-05-27,9362.22,9409.7,9312.02,9322.62,25098
2024-05-28,9324.03,9348.0,9286.85,9295.09,23521
2024-05-29,9301.92,9372.27,9296.9,9342.12,19651
2024-05-30,9347.14,9349.05,9216.5,9216.5,32208
2024-05-31,9224.04,9289.36,9213.73,9213.73,21857
2024-06-03,9221.52,9226.15,9146.7,9168.21,30261
2024-06-04,9173.79,9251.67,9153.94,9237.6,20841
2024-06-05,9231.57,9265.14,9186.5,9191.37,19056
2024-06-06,9189.67,9231.52,9150.72,9170.32,25610
2024-06-07,9202.08,9202.33,9065.8,9066.66,33525
2024-06-11,8985.31,8995.41,8804.47,8814.52,70247
2024-06-12,8819.54,8920.04,8819.54,8827.98,33171
2024-06-13,8853.56,8854.16,8734.87,8744.22,36186
2024-06-14,8744.17,8789.19,8570.61,8744.17,59514
2024-06-17,8630.05,8712.86,8523.13,8676.33,48318
2024-06-18,8623.02,8741.86,8551.62,8575.84,41258
2024-06-19,8612.85,8643.05,8533.01,8627.97,41262
2024-06-20,8622.95,8703.4,8612.9,8623.45,24711
2024-06-21,8625.46,8647.97,8473.31,8477.23,43320
2024-06-24,8236.04,8567.63,8190.87,8505.12,63840
2024-06-25,8507.38,8637.97,8507.38,8555.87,42098
2024-06-26,8522.45,8628.33,8511.4,8568.78,29570
2024-06-27,8582.75,8592.65,8462.16,8575.16,32822
2024-06-28,8522.45,8595.26,8442.06,8459.09,38582
2024-07-01,8466.58,8487.23,8261.16,8323.37,32161
2024-07-02,8286.29,8612.9,8286.29,8576.22,51853
2024-07-03,8617.93,8688.32,8562.75,8622.95,31573
2024-07-04,8648.07,8683.25,8528.13,8551.3,24380
2024-07-05,8517.43,8588.68,8371.71,8386.78,38829
2024-07-08,8336.54,8410.75,8216.65,8220.97,39527
2024-07-09,8220.97,8396.28,8171.22,8311.56,33621
2024-07-10,8317.69,8451.5,8296.34,8309.35,23763
2024-07-11,8371.56,8467.18,8322.52,8432.46,29020
2024-07-12,8487.33,8554.61,8449.34,8516.52,23386
2024-07-15,8472.21,8562.65,8472.21,8496.83,19176
2024-07-16,8502.35,8532.5,8447.33,8502.35,20316
2024-07-17,8502.86,8638.02,8472.31,8629.98,34311
2024-07-18,8620.44,8698.32,8585.41,8610.44,28870
2024-07-19,8576.77,8769.57,8542.6,8751.69,38943
2024-07-22,8748.72,8773.59,8580.99,8617.93,28543
2024-07-23,8617.93,8627.97,8396.83,8396.83,30944
2024-07-24,8372.72,8440.55,8296.34,8321.56,24123
2024-07-25,8321.56,8361.66,8221.02,8273.68,28347
2024-07-26,8273.68,8310.01,8175.24,8231.97,32354
2024-07-29,8195.84,8230.97,8110.42,8110.52,30869
2024-07-30,8050.02,8071.58,7926.01,8019.92,51779
2024-07-31,7985.3,8257.5,7985.3,8227.4,43272
2024-08-01,8210.92,8220.97,8043.59,8050.93,32038
2024-08-02,7987.82,8105.25,7987.82,8047.36,21928
2024-08-05,8064.6,8251.12,8047.71,8170.77,37736
2024-08-06,8231.02,8241.07,8090.37,8144.09,27444
2024-08-07,8148.11,8230.97,8111.93,8198.36,20622
2024-08-08,8175.74,8362.57,8165.69,8274.68,25131
2024-08-09,8422.11,8467.18,8305.38,8305.38,30138
2024-08-12,8271.21,8336.54,8254.03,8301.87,13632
2024-08-13,8286.29,8296.34,8180.82,8236.09,16308
2024-08-14,8236.09,8245.59,8180.87,8187.3,13414
2024-08-15,8145.75,8301.31,8140.32,8255.59,23039
2024-08-16,8255.08,8300.96,8205.94,8277.24,16455
2024-08-19,8281.26,8416.33,8246.09,8248.3,20433
2024-08-20,8270.71,8270.86,8190.82,8234.63,18591
2024-08-21,8220.97,8261.06,8199.31,8208.81,15092
2024-08-22,8200.87,8220.97,8120.52,8170.97,19527
2024-08-23,8160.67,8238.55,8151.22,8195.79,15320
2024-08-26,8205.89,8240.36,8136.3,8180.77,15628
2024-08-27,8180.77,8185.79,8126.05,8140.92,13657
2024-08-28,8140.92,8150.62,7994.85,8065.2,31664
2024-08-29,8019.97,8210.92,8019.97,8187.3,27472
2024-08-30,8185.79,8412.26,8145.59,8337.49,38739
2024-09-02,8271.21,8311.41,8095.35,8095.35,34135
2024-09-03,8110.42,8195.74,8085.4,8170.72,17888
2024-09-04,8130.52,8216.9,8119.16,8120.47,14211
2024-09-05,8122.98,8155.64,8105.4,8144.99,14503
2024-09-06,8145.59,8150.62,8110.42,8110.42,10321
2024-09-09,8020.03,8088.86,7970.13,7994.85,28638
2024-09-10,7969.83,8085.3,7969.83,8009.93,19803
2024-09-11,7997.87,8049.52,7944.6,8019.97,20996
2024-09-12,8019.97,8045.1,7793.41,7794.16,47948
2024-09-13,7773.76,7778.78,7604.42,7638.74,56005
2024-09-18,7617.99,7618.04,7450.47,7451.67,46185
2024-09-19,7427.05,7582.22,7345.8,7422.02,59988
2024-09-20,7424.54,7486.84,7366.9,7436.7,39982
2024-09-23,7457.2,7585.33,7420.32,7424.74,45550
2024-09-24,7543.07,7984.8,7442.58,7982.79,100413
2024-09-25,8120.72,8256.14,8103.94,8115.45,73954
2024-09-26,8120.27,8773.04,8100.37,8768.67,97278
2024-09-27,9125.43,9272.15,8951.37,9272.15,87922
2024-09-30,9587.71,9928.79,9386.72,9869.1,157293
2024-10-08,10683.11,10683.11,9528.32,9743.48,194709
2024-10-09,9627.91,9627.91,9075.18,9101.06,120197
2024-10-10,9237.28,9467.52,9080.21,9326.42,74603
2024-10-11,9202.81,9326.22,9075.18,9150.5,41915
2024-10-14,9190.75,9229.09,9030.81,9135.43,44812
2024-10-15,9120.4,9130.4,8889.31,8895.54,43571
2024-10-16,8828.36,8873.18,8673.2,8736.01,46664
2024-10-17,8808.87,8812.18,8589.84,8595.82,39460
2024-10-18,8587.78,8963.83,8517.23,8828.97,68619
2024-10-21,8830.02,8874.04,8729.53,8767.66,42008
2024-10-22,8756.41,8925.34,8744.55,8839.02,36269
2024-10-23,8844.59,9009.61,8783.74,8962.12,40088
2024-10-24,8929.46,8999.81,8849.12,8885.24,23923
2024-10-25,8859.12,8998.75,8854.14,8918.66,27745
2024-10-28,8924.44,8949.56,8734.65,8949.56,39121
2024-10-29,8924.44,9024.93,8773.69,8781.83,41166
2024-10-30,8748.57,8880.17,8740.58,8783.74,32006
2024-10-31,8784.5,8823.94,8723.45,8762.59,29957
2024-11-01,8728.47,8849.72,8727.47,8792.54,32284
2024-11-04,8848.71,8874.19,8763.95,8865.14,29093
2024-11-05,8823.94,9013.38,8803.89,9009.81,45640
2024-11-06,8999.81,9070.11,8930.57,8979.71,37631
2024-11-07,8936.8,9394.26,8935.99,9372.35,74739
2024-11-08,9431.39,9462.64,9130.5,9175.53,60771
2024-11-11,9075.18,9175.43,8960.57,9115.43,43854
2024-11-12,9070.16,9241.0,8994.53,9010.86,49223
2024-11-13,8964.64,9058.4,8930.87,9017.4,29125
2024-11-14,8974.69,9097.54,8952.83,8993.78,29248
2024-11-15,8969.66,9044.03,8889.26,8919.41,33761
2024-11-18,8934.49,9004.78,8899.31,8919.41,27092
2024-11-19,8949.56,8971.52,8748.57,8833.59,33266
2024-11-20,8839.02,8894.14,8780.23,8848.11,21345
2024-11-21,8843.39,8869.11,8783.74,8849.72,18262
2024-11-22,8829.72,8862.98,8662.24,8662.24,33436
2024-11-25,8678.22,8783.74,8606.22,8615.76,33186
2024-11-26,8615.76,8717.82,8567.07,8668.17,25745
2024-11-27,8668.17,8734.25,8648.07,8718.67,25934
2024-11-28,8733.5,8748.52,8633.0,8713.4,23952
2024-11-29,8708.37,8899.31,8689.33,8752.29,36088
2024-12-02,8753.59,8773.64,8698.82,8748.57,26820
2024-12-03,8743.54,8768.17,8703.75,8757.31,24807
2024-12-04,8723.8,8741.84,8673.2,8723.45,23924
2024-12-05,8677.52,8712.69,8673.2,8678.22,16141
2024-12-06,8688.27,8818.41,8663.5,8728.52,32040
2024-12-09,8733.6,8772.29,8689.28,8717.42,19800
2024-12-10,8974.69,9023.58,8849.97,8857.05,60312
2024-12-11,8823.94,8899.31,8778.62,8801.83,29671
2024-12-12,8783.84,8954.59,8768.67,8953.58,41937
2024-12-13,8874.24,8899.26,8717.82,8718.42,49512
2024-12-16,8728.47,8768.67,8676.77,8759.62,32537
2024-12-17,8753.54,8969.66,8728.52,8914.39,54172
2024-12-18,8914.24,9009.86,8859.62,8982.22,41162
2024-12-19,8950.26,8964.28,8875.85,8879.26,24809
2024-12-20,8899.37,8952.99,8843.55,8853.5,28158
2024-12-23,8858.52,8933.89,8828.37,8875.86,21603
2024-12-24,8868.57,8964.04,8851.44,8938.01,22105
2024-12-25,8937.91,8937.91,8874.1,8893.7,17123
2024-12-26,8913.79,8937.81,8858.52,8882.59,18287
2024-12-27,8888.17,8923.84,8840.94,8888.52,20759
2024-12-30,8913.64,8963.84,8868.57,8868.57,25130
2024-12-31,8870.58,8969.07,8853.55,8863.55,39354
2025-01-02,8863.55,8866.01,8642.46,8682.65,50029
2025-01-03,8715.32,8717.78,8577.18,8617.33,32628
2025-01-06,8506.79,8555.33,8405.29,8441.46,44255
2025-01-07,8464.88,8501.21,8436.44,8442.47,24221
2025-01-08,8441.46,8500.86,8374.43,8454.03,35258
2025-01-09,8486.64,8564.97,8406.19,8461.56,29706
2025-01-10,8477.14,8501.51,8421.37,8421.37,21872
2025-01-13,8366.09,8463.77,8351.07,8461.46,21083
2025-01-14,8466.34,8635.82,8451.51,8604.77,30957
2025-01-15,8577.13,8615.32,8542.01,8598.59,18399
2025-01-16,8612.31,8655.82,8451.51,8473.52,26342
2025-01-17,8473.57,8546.99,8473.52,8515.58,18309
2025-01-20,8546.99,8691.65,8541.96,8616.33,31410
2025-01-21,8647.48,8652.51,8567.08,8582.91,16856
2025-01-22,8558.39,8581.91,8431.41,8446.49,28294
2025-01-23,8491.56,8582.16,8431.41,8456.54,27125
2025-01-24,8451.51,8480.61,8392.77,8421.37,31360
2025-01-27,8426.39,8461.41,8376.24,8416.29,29356
2025-02-05,8441.46,8456.54,8251.58,8259.57,40757
2025-02-06,8240.52,8350.97,8240.52,8304.99,27356
2025-02-07,8309.21,8454.93,8257.61,8421.37,37242
2025-02-10,8431.41,8441.46,8376.59,8398.8,20840
2025-02-11,8416.09,8421.16,8320.37,8330.92,23573
2025-02-12,8330.92,8466.59,8325.29,8456.54,25476
2025-02-13,8456.64,8618.59,8413.88,8567.39,43385
2025-02-14,8567.39,8627.38,8533.02,8617.33,27100
2025-02-17,8647.48,8717.73,8577.64,8600.35,32471
2025-02-18,8592.21,8707.73,8552.41,8617.33,27800
2025-02-19,8617.58,8715.01,8566.58,8697.73,32393
2025-02-20,8657.53,8702.6,8609.24,8612.31,23750
2025-02-21,8642.46,8726.52,8607.33,8683.71,36418
2025-02-24,8682.65,8740.54,8612.31,8637.78,34744
2025-02-25,8592.26,8609.24,8501.76,8511.81,28387
2025-02-26,8519.1,8566.88,8466.59,8542.01,26366
2025-02-27,8542.06,8692.2,8511.81,8670.39,49762
2025-02-28,8670.09,8885.56,8652.51,8746.92,56129
2025-03-03,8756.02,8848.42,8649.99,8677.73,31596
2025-03-04,8667.58,8672.6,8568.14,8592.76,25211
2025-03-05,8602.26,8612.31,8542.46,8573.97,24605
2025-03-06,8612.31,8794.2,8602.66,8773.0,42168
2025-03-07,8758.03,8885.46,8758.03,8848.47,37991
2025-03-10,8842.49,8878.02,8773.8,8858.02,31369
2025-03-11,8828.37,8987.56,8803.25,8987.56,39776
2025-03-12,8978.92,8992.58,8875.36,8956.91,29604
2025-03-13,8964.04,9021.83,8898.12,8932.74,25724
2025-03-14,8982.43,9386.18,8948.97,9386.18,92913
2025-03-17,9531.84,9536.82,9380.5,9435.67,54689
