日期,茅台收盘,平安收盘
2020-03-17,5554.33,72.14
2020-03-18,5367.86,69.87
2020-03-19,5307.61,67.81
2020-03-20,5504.99,69.0
2020-03-23,5423.18,66.76
2020-03-24,5609.1,68.95
2020-03-25,5730.2,70.35
2020-03-26,5653.92,70.19
2020-03-27,5707.08,69.72
2020-03-30,5689.5,69.15
2020-03-31,5885.46,69.17
2020-04-01,5845.27,69.32
2020-04-02,6056.31,69.67
2020-04-03,6030.13,68.86
2020-04-07,6131.43,69.97
2020-04-08,6130.47,69.39
2020-04-09,6124.14,69.64
2020-04-10,6156.8,70.99
2020-04-13,6143.24,70.13
2020-04-14,6257.8,71.02
2020-04-15,6280.41,70.85
2020-04-16,6318.1,70.38
2020-04-17,6463.31,72.4
2020-04-20,6469.85,73.5
2020-04-21,6332.67,72.37
2020-04-22,6556.27,72.07
2020-04-23,6595.27,72.16
2020-04-24,6586.72,70.5
2020-04-27,6714.55,71.2
2020-04-28,6730.28,72.38
2020-04-29,6709.03,74.0
2020-04-30,6662.8,74.46
2020-05-06,6835.15,73.81
2020-05-07,6895.45,73.23
2020-05-08,6908.56,72.97
2020-05-11,6950.77,73.9
2020-05-12,7000.97,73.93
2020-05-13,7015.79,73.34
2020-05-14,6968.76,72.23
2020-05-15,6900.47,72.23
2020-05-18,7067.34,72.2
2020-05-19,7066.84,72.9
2020-05-20,7091.41,72.95
2020-05-21,7167.29,72.38
2020-05-22,6976.85,70.12
2020-05-25,7151.21,70.03
2020-05-26,7126.59,70.51
2020-05-27,7026.09,70.65
2020-05-28,7056.24,71.51
2020-05-29,7169.8,70.71
2020-06-01,7435.61,72.16
2020-06-02,7391.44,74.28
2020-06-03,7334.11,75.01
2020-06-04,7377.78,75.14
2020-06-05,7463.25,75.3
2020-06-08,7368.28,76.72
2020-06-09,7420.79,76.5
2020-06-10,7456.51,75.58
2020-06-11,7339.94,74.22
2020-06-12,7419.88,74.15
2020-06-15,7252.21,72.54
2020-06-16,7357.12,73.46
2020-06-17,7362.75,73.01
2020-06-18,7402.95,73.4
2020-06-19,7537.82,73.42
2020-06-22,7533.6,72.77
2020-06-23,7711.98,71.96
2020-06-24,7724.71,72.26
2020-06-29,7740.59,71.01
2020-06-30,7739.13,71.4
2020-07-01,7896.86,73.5
2020-07-02,8146.75,76.0
2020-07-03,8135.64,77.96
2020-07-06,8428.13,84.12
2020-07-07,8870.32,83.22
2020-07-08,8836.85,85.69
2020-07-09,8960.76,85.92
2020-07-10,9000.21,82.34
2020-07-13,9342.6,82.36
2020-07-14,9242.15,81.3
2020-07-15,9194.57,80.22
2020-07-16,8498.48,78.22
2020-07-17,8669.57,78.02
2020-07-20,8613.85,82.8
2020-07-21,8769.82,80.76
2020-07-22,8820.47,79.93
2020-07-23,8810.02,79.0
2020-07-24,8404.52,77.0
2020-07-27,8541.44,76.43
2020-07-28,8779.87,76.38
2020-07-29,8789.92,77.3
2020-07-30,8830.12,76.03
2020-07-31,8820.97,75.9
2020-08-03,8769.82,76.44
2020-08-04,8779.82,78.67
2020-08-05,8769.82,77.13
2020-08-06,8618.87,77.15
2020-08-07,8583.9,76.33
2020-08-10,8598.93,77.01
2020-08-11,8641.74,76.77
2020-08-12,8563.55,77.16
2020-08-13,8604.0,76.6
2020-08-14,8734.65,78.19
2020-08-17,8880.37,81.1
2020-08-18,8955.74,79.75
2020-08-19,8865.29,78.17
2020-08-20,8749.72,77.6
2020-08-21,8810.02,78.25
2020-08-24,8912.27,77.8
2020-08-25,9066.28,78.11
2020-08-26,9066.28,76.8
2020-08-27,9086.38,76.54
2020-08-28,9217.03,77.89
2020-08-31,9365.26,76.62
2020-09-01,9443.04,76.38
2020-09-02,9407.97,75.93
2020-09-03,9397.92,75.39
2020-09-04,9282.35,74.82
2020-09-07,9048.7,75.06
2020-09-08,8987.9,77.14
2020-09-09,8870.32,76.48
2020-09-10,8959.76,76.52
2020-09-11,9096.43,77.21
2020-09-14,9262.25,78.55
2020-09-15,9232.1,79.91
2020-09-16,9056.74,78.6
2020-09-17,8782.48,79.0
2020-09-18,8905.49,82.89
2020-09-21,8763.79,80.93
2020-09-22,8758.21,79.07
2020-09-23,8679.27,78.56
2020-09-24,8575.46,77.07
2020-09-25,8604.55,77.59
2020-09-28,8734.65,77.95
2020-09-29,8690.93,76.8
2020-09-30,8772.33,76.26
2020-10-09,8910.51,77.9
2020-10-12,9184.92,80.86
2020-10-13,9126.58,81.38
2020-10-14,9076.33,81.38
2020-10-15,9056.23,81.4
2020-10-16,8990.91,82.0
2020-10-19,8925.59,81.85
2020-10-20,9101.46,81.23
2020-10-21,9098.09,82.4
2020-10-22,9144.17,82.1
2020-10-23,9007.64,83.5
2020-10-26,8644.2,82.2
2020-10-27,8553.75,81.07
2020-10-28,8753.79,79.58
2020-10-29,8810.02,78.66
2020-10-30,8779.97,77.83
2020-11-02,8800.02,77.23
2020-11-03,8905.49,79.16
2020-11-04,8928.5,79.5
2020-11-05,9040.66,80.94
2020-11-06,8933.73,81.3
2020-11-09,9144.52,82.98
2020-11-10,9156.73,83.2
2020-11-11,9088.14,83.52
2020-11-12,9105.43,82.27
2020-11-13,8955.74,80.34
2020-11-16,9081.61,83.1
2020-11-17,9010.0,84.03
2020-11-18,8898.71,85.37
2020-11-19,9032.06,85.42
2020-11-20,9030.91,84.54
2020-11-23,9383.9,86.22
2020-11-24,9249.69,85.0
2020-11-25,9065.68,87.25
2020-11-26,9103.42,89.15
2020-11-27,9121.05,90.1
2020-11-30,9000.51,90.03
2020-12-01,9116.53,93.38
2020-12-02,9121.61,92.85
2020-12-03,9176.83,91.87
2020-12-04,9398.47,92.19
2020-12-07,9495.4,90.38
2020-12-08,9684.33,88.05
2020-12-09,9634.08,87.87
2020-12-10,9598.41,87.68
2020-12-11,9533.59,86.1
2020-12-14,9578.81,87.69
2020-12-15,9513.54,86.3
2020-12-16,9634.08,86.84
2020-12-17,9762.27,88.98
2020-12-18,9659.21,87.79
2020-12-21,9646.65,87.05
2020-12-22,9840.1,84.15
2020-12-23,9642.37,84.85
2020-12-24,9585.54,84.2
2020-12-25,9583.84,83.2
2020-12-28,9799.9,84.62
2020-12-29,9769.75,85.5
2020-12-30,10101.39,85.88
2020-12-31,10428.0,86.98
2021-01-04,10422.98,85.18
2021-01-05,10736.77,84.27
2021-01-06,10940.53,85.74
2021-01-07,11141.52,86.26
2021-01-08,10890.28,86.1
2021-01-11,10939.17,84.03
2021-01-12,11246.54,87.82
2021-01-13,11262.12,87.54
2021-01-14,11111.37,85.27
2021-01-15,10850.08,86.9
2021-01-18,10754.61,87.2
2021-01-19,10485.33,86.8
2021-01-20,10642.21,85.2
2021-01-21,10789.79,84.44
2021-01-22,10839.78,83.8
2021-01-25,11317.39,84.88
2021-01-26,11151.02,83.0
2021-01-27,10885.26,83.04
2021-01-28,10880.23,80.92
2021-01-29,11021.83,79.08
2021-02-01,10987.36,79.27
2021-02-02,11166.65,78.18
2021-02-03,11392.31,76.54
2021-02-04,12050.25,79.62
2021-02-05,12010.81,79.72
2021-02-08,12291.19,78.57
2021-02-09,12731.52,78.13
2021-02-10,13457.95,79.25
2021-02-18,12804.73,82.38
2021-02-19,12749.45,84.2
2021-02-22,11885.29,83.0
2021-02-23,11980.66,84.32
2021-02-24,11387.74,83.78
2021-02-25,11191.77,87.14
2021-02-26,11054.99,85.18
2021-03-01,11231.97,84.84
2021-03-02,10729.49,83.23
2021-03-03,11141.52,86.75
2021-03-04,10603.87,86.3
2021-03-05,10740.09,84.5
2021-03-08,10237.06,84.95
2021-03-09,10121.44,84.05
2021-03-10,10287.36,83.28
2021-03-11,10679.24,86.36
2021-03-12,10568.7,85.55
2021-03-15,10314.69,85.11
2021-03-16,10490.81,85.4
2021-03-17,10590.6,82.54
2021-03-18,10788.28,81.42
2021-03-19,10488.3,79.64
2021-03-22,10387.75,79.82
2021-03-23,10417.95,80.05
2021-03-24,10382.78,79.01
2021-03-25,10292.33,79.2
2021-03-26,10503.37,80.01
2021-03-29,10609.4,79.13
2021-03-30,10719.69,79.37
2021-03-31,10483.27,78.7
2021-04-01,10661.65,79.2
2021-04-02,11252.07,78.88
2021-04-06,11071.32,79.03
2021-04-07,10744.56,78.45
2021-04-08,10789.79,78.63
2021-04-09,10538.55,77.16
2021-04-12,10482.72,77.16
2021-04-13,10543.57,76.56
2021-04-14,10674.22,77.15
2021-04-15,10516.44,75.81
2021-04-16,10714.31,75.7
2021-04-19,10880.23,76.18
2021-04-20,10914.4,76.0
2021-04-21,10840.03,75.62
2021-04-22,10716.93,74.37
2021-04-23,10985.45,74.26
2021-04-26,10829.08,72.89
2021-04-27,10912.59,73.27
2021-04-28,10649.09,72.81
2021-04-29,10570.5,73.82
2021-04-30,10472.12,72.5
2021-05-06,10232.03,70.53
2021-05-07,9950.65,70.1
2021-05-10,9830.2,70.03
2021-05-11,10232.03,70.28
2021-05-12,10357.65,69.93
2021-05-13,10294.84,69.14
2021-05-14,10487.54,71.18
2021-05-17,10729.29,70.37
2021-05-18,10736.07,70.9
2021-05-19,10684.27,69.97
2021-05-20,10733.91,70.72
2021-05-21,10649.59,70.05
2021-05-24,10796.27,69.94
2021-05-25,11415.37,72.46
2021-05-26,11543.5,72.38
2021-05-27,11669.12,72.9
2021-05-28,11593.75,72.97
2021-05-31,11533.46,71.8
2021-06-01,11648.77,71.13
2021-06-02,11553.55,70.87
2021-06-03,11554.66,70.68
2021-06-04,11701.79,70.85
2021-06-07,11799.77,70.28
2021-06-08,11397.79,70.41
2021-06-09,11440.5,70.3
2021-06-10,11636.36,70.01
2021-06-11,11336.53,69.4
2021-06-15,11407.84,67.07
2021-06-16,11231.97,67.0
2021-06-17,11226.49,66.25
2021-06-18,10895.01,65.1
2021-06-21,10848.27,64.16
2021-06-22,10814.76,64.73
2021-06-23,10628.99,65.82
2021-06-24,10779.99,65.96
2021-06-25,10997.27,66.68
2021-06-28,11052.6,65.6
2021-06-29,10846.53,64.38
2021-06-30,10819.9,64.28
2021-07-01,11062.6,64.76
2021-07-02,10600.32,62.3
2021-07-05,10504.85,61.91
2021-07-06,10599.81,62.9
2021-07-07,10555.09,62.37
2021-07-08,10459.62,60.78
2021-07-09,10394.85,60.09
2021-07-12,10339.03,59.4
2021-07-13,10449.07,59.7
2021-07-14,10344.05,57.91
2021-07-15,10524.89,59.98
2021-07-16,10313.4,59.7
2021-07-19,10409.37,59.35
2021-07-20,10434.5,58.46
2021-07-21,10379.23,58.08
2021-07-22,10233.56,58.54
2021-07-23,10032.51,57.64
2021-07-26,9550.69,54.5
2021-07-27,9092.33,52.67
2021-07-28,9373.76,53.11
2021-07-29,9277.74,53.25
2021-07-30,8921.99,53.67
2021-08-02,9303.92,54.01
2021-08-03,9275.28,54.24
2021-08-04,9148.15,53.6
2021-08-05,9022.53,54.2
2021-08-06,8881.84,53.67
2021-08-09,8996.4,55.12
2021-08-10,9525.01,55.73
2021-08-11,9281.31,55.8
2021-08-12,8977.31,54.74
2021-08-13,9027.76,54.31
2021-08-16,9023.54,54.93
2021-08-17,8700.94,54.21
2021-08-18,8625.57,56.04
2021-08-19,8625.42,53.71
2021-08-20,8263.79,53.01
2021-08-23,8375.29,52.7
2021-08-24,8651.6,51.8
2021-08-25,8851.79,51.58
2021-08-26,8499.95,50.3
2021-08-27,8505.13,52.0
2021-08-30,8454.73,50.71
2021-08-31,8314.04,49.9
2021-09-01,8635.67,51.49
2021-09-02,8619.54,51.55
2021-09-03,8817.62,51.71
2021-09-06,8880.18,51.58
2021-09-07,8871.79,52.34
2021-09-08,8691.4,51.95
2021-09-09,8696.32,51.62
2021-09-10,8839.53,51.71
2021-09-13,8796.42,51.12
2021-09-14,8811.49,49.86
2021-09-15,8604.17,49.47
2021-09-16,8716.37,49.51
2021-09-17,8957.21,48.68
2021-09-22,8714.46,47.78
2021-09-23,8700.94,48.22
2021-09-24,8997.41,48.08
2021-09-27,9806.4,49.0
2021-09-28,9640.88,49.26
2021-09-29,9630.53,49.19
2021-09-30,9680.78,48.36
2021-10-08,9729.02,52.1
2021-10-11,9867.3,52.74
2021-10-12,9886.75,52.26
2021-10-13,10182.76,51.75
2021-10-14,10087.79,51.41
2021-10-15,10117.79,50.88
2021-10-18,9530.04,49.86
2021-10-19,9591.24,51.45
2021-10-20,9736.05,51.37
2021-10-21,9751.13,54.28
2021-10-22,10037.54,54.29
2021-10-25,9897.0,53.21
2021-10-26,9836.8,52.17
2021-10-27,9625.51,51.65
2021-10-28,9658.12,51.3
2021-10-29,9661.08,49.57
2021-11-01,9545.11,50.12
2021-11-02,9553.35,50.01
2021-11-03,9354.17,50.05
2021-11-04,9551.14,49.7
2021-11-05,9630.23,49.93
2021-11-08,9631.03,50.4
2021-11-09,9479.84,49.69
2021-11-10,9298.84,49.13
2021-11-11,9377.28,51.15
2021-11-12,9398.29,50.61
2021-11-15,9334.77,50.6
2021-11-16,9570.23,50.36
2021-11-17,9504.91,50.05
2021-11-18,9489.84,49.51
2021-11-19,9672.79,49.96
2021-11-22,9802.73,49.71
2021-11-23,10014.58,49.62
2021-11-24,10238.53,49.75
2021-11-25,10314.05,49.4
2021-11-26,10238.58,48.72
2021-11-29,10459.62,48.66
2021-11-30,10187.13,48.22
2021-12-01,10198.28,48.87
2021-12-02,10203.36,48.88
2021-12-03,10393.7,48.99
2021-12-06,10370.68,49.15
2021-12-07,10313.25,50.39
2021-12-08,10751.06,50.34
2021-12-09,10969.89,51.31
2021-12-10,10987.23,51.22
2021-12-13,11128.92,51.15
2021-12-14,11288.71,50.85
2021-12-15,11213.34,50.7
2021-12-16,11132.89,51.2
2021-12-17,10789.75,50.54
2021-12-20,10831.26,50.28
2021-12-21,10726.94,50.84
2021-12-22,10776.18,50.18
2021-12-23,11137.97,50.22
2021-12-24,11510.26,49.82
2021-12-27,11197.36,49.98
2021-12-28,11229.32,50.87
2021-12-29,10741.01,50.81
2021-12-30,10911.85,50.41
2021-12-31,10786.23,50.41
2022-01-04,10792.41,51.0
2022-01-05,10655.59,52.07
2022-01-06,10445.65,51.3
2022-01-07,10243.56,52.94
2022-01-10,10364.15,53.08
2022-01-11,10236.27,52.86
2022-01-12,10369.18,52.5
2022-01-13,9918.9,52.3
2022-01-14,9866.7,51.1
2022-01-17,9839.61,50.94
2022-01-18,9993.67,51.23
2022-01-19,10092.81,51.45
2022-01-20,10381.84,53.4
2022-01-21,10459.57,53.55
2022-01-24,10284.76,53.13
2022-01-25,10248.58,51.2
2022-01-26,10308.88,51.83
2022-01-27,10359.13,50.79
2022-01-28,9967.19,49.97
2022-02-07,9871.52,51.98
2022-02-08,9726.0,53.0
2022-02-09,10012.31,53.04
2022-02-10,9896.85,54.18
2022-02-11,9781.12,55.59
2022-02-14,9875.09,53.9
2022-02-15,9985.38,53.28
2022-02-16,9995.08,53.84
2022-02-17,9967.14,53.65
2022-02-18,10067.69,54.5
2022-02-21,9916.89,54.16
2022-02-22,9569.58,53.07
2022-02-23,9665.76,52.89
2022-02-24,9349.7,51.46
2022-02-25,9525.31,51.4
2022-02-28,9481.8,50.76
2022-03-01,9823.89,51.39
2022-03-02,9755.55,50.76
2022-03-03,9530.04,50.92
2022-03-04,9432.05,50.1
2022-03-07,9062.73,48.88
2022-03-08,9294.88,47.47
2022-03-09,9425.42,46.92
2022-03-10,9502.05,46.91
2022-03-11,9374.32,47.14
2022-03-14,9027.56,45.81
2022-03-15,8540.15,42.65
2022-03-16,8901.69,44.29
2022-03-17,9128.81,45.5
2022-03-18,9066.7,47.93
2022-03-21,9049.16,47.04
2022-03-22,9002.43,47.8
2022-03-23,9289.8,47.9
2022-03-24,9132.73,48.25
2022-03-25,8977.31,47.63
2022-03-28,8830.58,47.85
2022-03-29,8861.74,47.21
2022-03-30,9178.8,48.7
2022-03-31,9123.03,48.45
2022-04-01,9429.59,48.96
2022-04-06,9354.17,49.54
2022-04-07,9354.17,48.48
2022-04-08,9449.64,49.24
2022-04-11,9128.05,47.62
2022-04-12,9439.59,48.47
2022-04-13,9374.27,47.82
2022-04-14,9575.26,48.19
2022-04-15,9560.13,48.3
2022-04-18,9483.91,47.0
2022-04-19,9481.29,46.44
2022-04-20,9514.96,45.91
2022-04-21,9429.44,46.22
2022-04-22,9394.37,46.46
2022-04-25,9067.75,44.85
2022-04-26,9190.76,43.59
2022-04-27,9504.51,43.91
2022-04-28,9705.9,43.66
2022-04-29,9672.64,44.56
2022-05-05,9715.95,45.02
2022-05-06,9494.86,44.06
2022-05-09,9288.85,44.35
2022-05-10,9360.15,44.47
2022-05-11,9369.24,44.73
2022-05-12,9342.46,44.0
2022-05-13,9420.7,43.96
2022-05-16,9318.99,43.36
2022-05-17,9369.24,43.82
2022-05-18,9334.07,43.63
2022-05-19,9308.94,43.29
2022-05-20,9530.09,44.31
2022-05-23,9434.56,43.89
2022-05-24,9329.04,43.14
2022-05-25,9306.48,43.23
2022-05-26,9242.62,43.15
2022-05-27,9304.72,43.53
2022-05-30,9421.55,44.15
2022-05-31,9550.29,44.2
2022-06-01,9470.99,44.17
2022-06-02,9459.69,44.0
2022-06-06,9469.74,44.26
2022-06-07,9619.98,44.15
2022-06-08,9859.66,44.59
2022-06-09,9796.35,44.62
2022-06-10,10035.53,44.94
2022-06-13,9811.42,44.14
2022-06-14,9886.8,45.22
2022-06-15,9907.4,47.65
2022-06-16,9916.94,46.5
2022-06-17,10288.78,47.03
2022-06-20,10243.66,45.36
2022-06-21,10262.35,46.13
2022-06-22,10213.41,45.4
2022-06-23,10319.43,46.25
2022-06-24,10580.27,46.76
2022-06-27,10588.01,46.8
2022-06-28,10715.89,46.9
2022-06-29,10685.74,46.79
2022-06-30,10870.02,46.69
2022-07-01,10789.88,46.31
2022-07-04,10734.35,46.46
2022-07-05,10809.77,46.61
2022-07-06,10653.96,45.85
2022-07-07,10593.66,45.6
2022-07-08,10638.88,45.82
2022-07-11,10461.0,45.38
2022-07-12,10384.68,45.51
2022-07-13,10437.34,45.08
2022-07-14,10407.74,43.6
2022-07-15,10390.15,42.71
2022-07-18,10401.01,43.45
2022-07-19,10358.0,43.4
2022-07-20,10393.17,43.4
2022-07-21,10337.39,42.74
2022-07-22,10377.59,43.05
2022-07-25,10365.78,42.92
2022-07-26,10393.72,43.2
2022-07-27,10239.91,42.79
2022-07-28,10131.38,42.72
2022-07-29,10133.59,42.12
2022-08-01,10092.69,41.84
2022-08-02,10040.83,41.17
2022-08-03,10066.06,40.83
2022-08-04,10221.87,41.08
2022-08-05,10261.82,41.54
2022-08-08,10199.36,41.18
2022-08-09,10191.67,40.96
2022-08-10,10020.83,40.4
2022-08-11,10176.1,41.46
2022-08-12,10282.12,41.61
2022-08-15,10241.37,41.14
2022-08-16,10231.07,40.99
2022-08-17,10231.87,41.29
2022-08-18,10118.82,40.81
2022-08-19,10116.35,40.97
2022-08-22,10111.18,41.15
2022-08-23,9990.73,40.72
2022-08-24,9911.29,41.61
2022-08-25,10066.06,43.1
2022-08-26,10131.38,43.12
2022-08-29,10035.0,43.07
2022-08-30,9990.68,42.89
2022-08-31,10262.02,43.84
2022-09-01,10045.4,43.65
2022-09-02,10015.81,43.7
2022-09-05,9814.82,43.8
2022-09-06,9865.06,43.9
2022-09-07,9729.44,43.6
2022-09-08,9714.32,43.84
2022-09-09,9864.01,44.69
2022-09-13,10035.91,45.06
2022-09-14,9985.66,44.65
2022-09-15,10040.93,45.09
2022-09-16,9935.41,43.93
2022-09-19,9998.92,43.93
2022-09-20,10030.88,43.24
2022-09-21,9880.14,43.15
2022-09-22,9743.51,42.48
2022-09-23,9811.95,43.02
2022-09-26,9955.51,42.49
2022-09-27,10081.13,42.44
2022-09-28,10056.01,41.89
2022-09-29,10042.69,41.32
2022-09-30,10003.25,41.58
2022-10-10,9568.6,41.43
2022-10-11,9538.4,41.2
2022-10-12,9437.96,41.92
2022-10-13,9136.42,41.36
2022-10-14,9325.45,41.94
2022-10-17,9229.43,42.1
2022-10-18,9165.76,41.75
2022-10-19,8875.18,41.27
2022-10-20,8852.57,40.01
2022-10-21,8754.58,39.65
2022-10-24,8137.94,37.7
2022-10-25,8029.76,37.72
2022-10-26,7951.02,37.67
2022-10-27,7634.06,37.66
2022-10-28,7428.04,36.73
2022-10-31,7377.79,36.15
2022-11-01,7940.62,37.46
2022-11-02,7990.62,37.4
2022-11-03,7827.51,36.93
2022-11-04,8214.77,38.31
2022-11-07,8167.24,38.79
2022-11-08,8055.54,38.69
2022-11-09,7930.02,38.37
2022-11-10,8005.89,38.46
2022-11-11,8272.96,40.33
2022-11-14,8297.33,41.6
2022-11-15,8573.69,42.49
2022-11-16,8559.87,42.3
2022-11-17,8468.17,42.56
2022-11-18,8468.82,42.16
2022-11-21,8231.91,41.21
2022-11-22,8332.25,41.97
2022-11-23,8377.73,41.77
2022-11-24,8231.96,41.8
2022-11-25,8242.11,42.75
2022-11-28,8181.16,41.41
2022-11-29,8628.96,44.78
2022-11-30,8628.96,44.95
2022-12-01,8788.75,44.83
2022-12-02,8804.23,44.62
2022-12-05,8960.1,47.28
2022-12-06,9076.17,47.44
2022-12-07,9056.07,46.7
2022-12-08,9071.25,47.15
2022-12-09,9287.21,47.6
2022-12-12,9332.54,46.17
2022-12-13,9387.71,46.7
2022-12-14,9492.58,46.89
2022-12-15,9573.58,46.43
2022-12-16,9572.97,46.9
2022-12-19,9503.28,45.77
2022-12-20,9211.84,44.93
2022-12-21,9332.44,45.26
2022-12-22,9478.15,45.88
2022-12-23,9493.23,45.64
2022-12-26,9347.81,44.66
2022-12-27,9412.38,45.58
2022-12-28,9412.38,46.28
2022-12-29,9342.03,45.82
2022-12-30,9382.23,47.0
2023-01-03,9397.36,47.15
2023-01-04,9372.23,48.53
2023-01-05,9754.07,48.93
2023-01-06,9767.98,49.74
2023-01-09,9956.06,50.91
2023-01-10,10022.64,49.21
2023-01-11,9974.91,50.7
2023-01-12,9919.88,50.91
2023-01-13,10186.2,52.35
2023-01-16,10316.34,52.09
2023-01-17,10291.72,51.5
2023-01-18,10216.35,51.55
2023-01-19,10152.08,51.81
2023-01-20,10050.58,52.1
2023-01-30,10191.22,51.48
2023-01-31,9978.98,50.98
2023-02-01,9975.01,51.35
2023-02-02,9930.49,50.83
2023-02-03,9839.49,49.6
2023-02-06,9723.92,48.16
2023-02-07,9733.97,48.7
2023-02-08,9668.64,48.5
2023-02-09,9839.49,49.32
2023-02-10,9799.29,49.3
2023-02-13,10032.19,49.25
2023-02-14,9969.08,49.9
2023-02-15,9955.06,48.88
2023-02-16,10059.67,49.2
2023-02-17,9853.46,48.8
2023-02-20,10125.9,49.95
2023-02-21,10085.7,50.01
2023-02-22,9929.93,49.18
2023-02-23,9839.49,48.98
2023-02-24,9688.74,48.2
2023-02-27,9801.35,47.8
2023-02-28,9818.08,48.2
2023-03-01,9942.65,49.99
2023-03-02,9889.74,50.2
2023-03-03,9839.69,50.28
2023-03-06,9784.92,48.58
2023-03-07,9690.25,47.91
2023-03-08,9600.41,47.23
2023-03-09,9598.4,46.64
2023-03-10,9497.8,46.0
2023-03-13,9558.1,46.5
2023-03-14,9578.2,45.46
2023-03-15,9502.42,45.95
2023-03-16,9507.8,45.23
2023-03-17,9457.6,46.2
2023-03-20,9395.3,45.58
2023-03-21,9623.42,46.01
2023-03-22,9615.13,46.5
2023-03-23,9622.72,46.88
2023-03-24,9641.61,46.2
2023-03-27,9587.19,45.99
2023-03-28,9657.59,45.88
2023-03-29,9698.79,45.42
2023-03-30,9749.04,45.48
2023-03-31,9849.54,45.6
2023-04-03,9759.44,45.68
2023-04-04,9822.35,45.57
2023-04-06,9733.77,45.08
2023-04-07,9703.77,45.63
2023-04-10,9606.84,46.06
2023-04-11,9475.19,45.66
2023-04-12,9216.92,45.6
2023-04-13,9362.13,45.12
2023-04-14,9313.99,45.49
2023-04-17,9512.88,47.48
2023-04-18,9538.0,48.62
2023-04-19,9543.02,48.4
2023-04-20,9457.0,48.79
2023-04-21,9374.54,46.74
2023-04-24,9271.69,46.4
2023-04-25,9399.21,46.09
2023-04-26,9467.2,45.79
2023-04-27,9537.6,50.37
2023-04-28,9550.66,51.8
2023-05-04,9497.3,53.7
2023-05-05,9497.8,53.83
2023-05-08,9349.67,54.92
2023-05-09,9357.11,53.48
2023-05-10,9372.18,52.31
2023-05-11,9332.33,52.35
2023-05-12,9278.72,51.27
2023-05-15,9328.47,53.71
2023-05-16,9263.09,53.2
2023-05-17,9251.59,51.91
2023-05-18,9201.34,51.82
2023-05-19,9244.05,51.04
2023-05-22,9477.7,51.42
2023-05-23,9369.92,49.9
2023-05-24,9301.33,48.47
2023-05-25,9251.59,48.4
2023-05-26,9199.13,48.44
2023-05-29,9191.29,48.04
2023-05-30,9087.23,47.99
2023-05-31,8889.3,47.0
2023-06-01,8924.57,47.45
2023-06-02,9098.83,49.1
2023-06-05,9070.69,48.51
2023-06-06,9080.69,48.76
2023-06-07,8999.84,49.01
2023-06-08,9085.77,49.67
2023-06-09,9075.72,49.48
2023-06-12,9226.46,49.57
2023-06-13,9241.54,49.63
2023-06-14,9381.63,48.05
2023-06-15,9522.93,48.42
2023-06-16,9737.43,48.6
2023-06-19,9467.65,47.5
2023-06-20,9464.94,46.89
2023-06-21,9426.6,46.64
2023-06-26,9291.78,45.93
2023-06-27,9302.09,46.3
2023-06-28,9389.17,46.54
2023-06-29,9315.45,46.3
2023-06-30,9331.54,46.4
2023-07-03,9497.86,48.18
2023-07-04,9530.52,47.95
2023-07-05,9454.04,47.35
2023-07-06,9391.73,47.3
2023-07-07,9326.66,47.21
2023-07-10,9381.28,46.61
2023-07-11,9427.01,47.2
2023-07-12,9446.1,47.29
2023-07-13,9569.71,48.62
2023-07-14,9643.07,48.64
2023-07-17,9527.35,48.05
2023-07-18,9491.32,47.6
2023-07-19,9492.33,47.77
2023-07-20,9497.35,47.42
2023-07-21,9735.03,46.97
2023-07-24,9734.27,46.62
2023-07-25,10022.7,49.55
2023-07-26,10022.7,49.46
2023-07-27,10070.33,49.88
2023-07-28,10366.64,51.93
2023-07-31,10284.14,52.6
2023-08-01,10326.44,51.74
2023-08-02,10281.22,51.41
2023-08-03,10273.53,52.41
2023-08-04,10348.91,51.9
2023-08-07,10321.07,51.7
2023-08-08,10331.47,51.26
2023-08-09,10332.88,51.26
2023-08-10,10256.1,51.36
2023-08-11,10050.08,49.37
2023-08-14,9894.31,48.53
2023-08-15,9944.46,48.68
2023-08-16,9979.73,48.35
2023-08-17,10020.18,47.91
2023-08-18,9892.25,47.52
2023-08-21,9834.02,46.67
2023-08-22,9818.94,47.0
2023-08-23,9748.59,46.46
2023-08-24,9961.14,46.5
2023-08-25,10004.76,47.01
2023-08-28,10054.96,48.11
2023-08-29,10137.16,48.56
2023-08-30,10160.63,48.25
2023-08-31,10115.4,48.79
2023-09-01,10135.75,50.1
2023-09-04,10210.87,51.45
2023-09-05,10174.19,50.2
2023-09-06,10185.75,51.03
2023-09-07,10070.18,50.22
2023-09-08,9972.2,50.12
2023-09-11,9990.64,50.36
2023-09-12,9979.53,49.95
2023-09-13,9979.28,49.5
2023-09-14,9973.15,49.19
2023-09-15,9788.74,49.2
2023-09-18,10025.96,49.3
2023-09-19,10014.61,49.28
2023-09-20,9999.83,48.89
2023-09-21,9871.15,48.49
2023-09-22,10125.45,50.33
2023-09-25,10041.94,49.06
2023-09-26,9959.63,48.56
2023-09-27,9949.59,48.66
2023-09-28,9871.95,48.3
2023-10-09,9763.67,48.07
2023-10-10,9728.49,47.6
2023-10-11,9771.21,47.69
2023-10-12,9808.89,48.43
2023-10-13,9633.02,47.97
2023-10-16,9527.0,47.54
2023-10-17,9507.4,47.68
2023-10-18,9517.45,47.39
2023-10-19,9025.02,46.05
2023-10-20,9100.4,45.84
2023-10-23,9095.27,45.94
2023-10-24,9090.09,46.1
2023-10-25,9263.7,45.51
2023-10-26,9237.22,45.7
2023-10-27,9259.73,45.18
2023-10-30,9281.29,45.31
2023-10-31,9299.28,45.46
2023-11-01,9783.72,45.11
2023-11-02,9776.23,45.06
2023-11-03,9935.72,45.24
2023-11-06,9939.54,46.06
2023-11-07,9834.87,45.3
2023-11-08,9870.9,44.63
2023-11-09,9849.64,43.28
2023-11-10,9757.84,42.35
2023-11-13,9698.35,42.39
2023-11-14,9704.73,42.61
2023-11-15,9743.22,43.36
2023-11-16,9678.5,42.87
2023-11-17,9645.18,42.66
2023-11-20,9690.81,42.91
2023-11-21,9828.99,43.07
2023-11-22,9786.33,42.73
2023-11-23,9808.89,43.05
2023-11-24,9763.67,42.69
2023-11-27,9693.32,41.85
2023-11-28,9723.67,41.67
2023-11-29,9752.16,40.75
2023-11-30,9836.53,40.8
2023-12-01,9679.65,41.02
2023-12-04,9631.57,40.38
2023-12-05,9421.98,39.53
2023-12-06,9391.83,39.53
2023-12-07,9376.76,39.34
2023-12-08,9401.48,39.19
2023-12-11,9366.71,39.6
2023-12-12,9426.96,39.79
2023-12-13,9175.77,38.89
2023-12-14,9054.67,38.7
2023-12-15,9100.4,38.79
2023-12-18,9185.82,38.61
2023-12-19,9251.14,38.71
2023-12-20,9220.47,38.45
2023-12-21,9322.02,38.8
2023-12-22,9325.29,39.1
2023-12-25,9332.07,39.18
2023-12-26,9322.02,39.1
2023-12-27,9307.25,39.0
2023-12-28,9598.33,40.26
2023-12-29,9603.41,40.3
2024-01-02,9397.44,39.47
2024-01-03,9442.61,39.4
2024-01-04,9316.99,38.9
2024-01-05,9288.65,38.97
2024-01-08,9191.32,38.45
2024-01-09,9176.3,38.38
2024-01-10,9178.81,37.82
2024-01-11,9204.29,38.43
2024-01-12,9186.65,38.03
2024-01-15,9171.28,38.17
2024-01-16,9168.41,38.7
2024-01-17,8854.71,38.01
2024-01-18,9024.9,38.99
2024-01-19,9146.15,39.2
2024-01-22,9181.32,39.48
2024-01-23,9065.75,39.36
2024-01-24,9100.93,40.17
2024-01-25,9161.23,41.15
2024-01-26,9157.81,41.25
2024-01-29,9221.52,40.98
2024-01-30,9035.61,40.19
2024-01-31,8994.96,40.51
2024-02-01,9020.68,40.3
2024-02-02,8950.18,40.1
2024-02-05,9121.08,40.68
2024-02-06,9352.17,41.56
2024-02-07,9527.99,42.38
2024-02-08,9502.91,42.78
2024-02-19,9449.8,42.73
2024-02-20,9322.02,42.35
2024-02-21,9561.5,43.59
2024-02-22,9565.12,43.7
2024-02-23,9543.56,44.07
2024-02-26,9447.54,42.95
2024-02-27,9420.0,43.12
2024-02-28,9380.06,42.65
2024-02-29,9447.64,42.9
2024-03-01,9397.69,42.99
2024-03-04,9353.68,42.34
2024-03-05,9448.14,42.81
2024-03-06,9375.03,42.5
2024-03-07,9390.51,43.06
2024-03-08,9329.2,42.88
2024-03-11,9445.08,43.16
2024-03-12,9698.88,43.81
2024-03-13,9610.69,42.63
2024-03-14,9556.33,42.45
2024-03-15,9560.65,42.48
2024-03-18,9514.27,42.56
2024-03-19,9513.06,41.83
2024-03-20,9521.0,41.92
2024-03-21,9517.99,42.03
2024-03-22,9479.55,40.56
2024-03-25,9417.54,40.44
2024-03-26,9519.44,40.9
2024-03-27,9477.79,40.65
2024-03-28,9481.0,40.69
2024-03-29,9487.33,40.81
2024-04-01,9579.94,41.25
2024-04-02,9543.06,41.0
2024-04-03,9548.69,40.5
2024-04-08,9305.24,40.22
2024-04-09,9282.93,40.11
2024-04-10,9211.37,39.2
2024-04-11,9211.47,38.95
2024-04-12,9141.28,37.78
2024-04-15,9336.99,38.36
2024-04-16,9322.02,38.28
2024-04-17,9306.94,38.95
2024-04-18,9325.94,39.7
2024-04-19,9204.64,39.42
2024-04-22,9347.44,39.83
2024-04-23,9433.97,39.89
2024-04-24,9440.6,40.6
2024-04-25,9437.79,41.06
2024-04-26,9520.15,41.53
2024-04-29,9492.86,42.08
2024-04-30,9497.89,41.36
2024-05-06,9775.26,42.49
2024-05-07,9824.5,42.59
2024-05-08,9794.2,41.95
2024-05-09,9754.15,42.34
2024-05-10,9668.63,42.93
2024-05-13,9502.91,42.65
2024-05-14,9482.71,42.31
2024-05-15,9472.76,41.84
2024-05-16,9495.37,43.05
2024-05-17,9548.13,45.2
2024-05-20,9517.99,45.46
2024-05-21,9497.89,45.4
2024-05-22,9461.26,45.4
2024-05-23,9432.61,44.78
2024-05-24,9357.59,43.89
2024-05-27,9322.62,44.1
2024-05-28,9295.09,43.76
2024-05-29,9342.12,43.47
2024-05-30,9216.5,43.15
2024-05-31,9213.73,43.07
2024-06-03,9168.21,43.13
2024-06-04,9237.6,43.27
2024-06-05,9191.37,43.08
2024-06-06,9170.32,42.45
2024-06-07,9066.66,42.12
2024-06-11,8814.52,41.83
2024-06-12,8827.98,41.4
2024-06-13,8744.22,41.3
2024-06-14,8744.17,41.87
2024-06-17,8676.33,41.58
2024-06-18,8575.84,41.73
2024-06-19,8627.97,42.0
2024-06-20,8623.45,41.51
2024-06-21,8477.23,41.67
2024-06-24,8505.12,41.8
2024-06-25,8555.87,41.55
2024-06-26,8568.78,41.65
2024-06-27,8575.16,41.42
2024-06-28,8459.09,41.36
2024-07-01,8323.37,41.62
2024-07-02,8576.22,42.17
2024-07-03,8622.95,42.27
2024-07-04,8551.3,41.98
2024-07-05,8386.78,41.12
2024-07-08,8220.97,40.84
2024-07-09,8311.56,41.52
2024-07-10,8309.35,41.86
2024-07-11,8432.46,41.94
2024-07-12,8516.52,42.68
2024-07-15,8496.83,42.53
2024-07-16,8502.35,41.19
2024-07-17,8629.98,42.29
2024-07-18,8610.44,42.37
2024-07-19,8751.69,43.03
2024-07-22,8617.93,43.0
2024-07-23,8396.83,42.79
2024-07-24,8321.56,42.56
2024-07-25,8273.68,42.57
2024-07-26,8231.97,41.09
2024-07-29,8110.52,41.32
2024-07-30,8019.92,41.33
2024-07-31,8227.4,42.56
2024-08-01,8050.93,42.51
2024-08-02,8047.36,41.82
2024-08-05,8170.77,42.0
2024-08-06,8144.09,40.9
2024-08-07,8198.36,40.7
2024-08-08,8274.68,40.82
2024-08-09,8305.38,40.61
2024-08-12,8301.87,40.62
2024-08-13,8236.09,40.78
2024-08-14,8187.3,40.49
2024-08-15,8255.59,41.32
2024-08-16,8277.24,41.61
2024-08-19,8248.3,42.07
2024-08-20,8234.63,41.92
2024-08-21,8208.81,41.97
2024-08-22,8170.97,41.71
2024-08-23,8195.79,43.35
2024-08-26,8180.77,43.35
2024-08-27,8140.92,43.15
2024-08-28,8065.2,43.19
2024-08-29,8187.3,42.62
2024-08-30,8337.49,44.03
2024-09-02,8095.35,43.45
2024-09-03,8170.72,43.21
2024-09-04,8120.47,42.64
2024-09-05,8144.99,43.42
2024-09-06,8110.42,43.25
2024-09-09,7994.85,42.68
2024-09-10,8009.93,42.66
2024-09-11,8019.97,42.52
2024-09-12,7794.16,42.6
2024-09-13,7638.74,42.89
2024-09-18,7451.67,43.7
2024-09-19,7422.02,44.03
2024-09-20,7436.7,44.15
2024-09-23,7424.74,44.09
2024-09-24,7982.79,46.5
2024-09-25,8115.45,47.36
2024-09-26,8768.67,50.42
2024-09-27,9272.15,51.9
2024-09-30,9869.1,57.09
2024-10-08,9743.48,61.73
2024-10-09,9101.06,55.7
2024-10-10,9326.42,58.5
2024-10-11,9150.5,57.54
2024-10-14,9135.43,58.67
2024-10-15,8895.54,57.19
2024-10-16,8736.01,57.38
2024-10-17,8595.82,57.0
2024-10-18,8828.97,57.18
2024-10-21,8767.66,56.9
2024-10-22,8839.02,57.06
2024-10-23,8962.12,58.31
2024-10-24,8885.24,58.1
2024-10-25,8918.66,57.7
2024-10-28,8949.56,57.5
2024-10-29,8781.83,57.63
2024-10-30,8783.74,55.97
2024-10-31,8762.59,55.92
2024-11-01,8792.54,56.15
2024-11-04,8865.14,56.97
2024-11-05,9009.81,58.75
2024-11-06,8979.71,57.49
2024-11-07,9372.35,60.84
2024-11-08,9175.53,59.12
2024-11-11,9115.43,58.4
2024-11-12,9010.86,57.01
2024-11-13,9017.4,57.19
2024-11-14,8993.78,57.0
2024-11-15,8919.41,55.8
2024-11-18,8919.41,55.76
2024-11-19,8833.59,55.61
2024-11-20,8848.11,55.46
2024-11-21,8849.72,55.49
2024-11-22,8662.24,53.03
2024-11-25,8615.76,52.57
2024-11-26,8668.17,53.05
2024-11-27,8718.67,53.55
2024-11-28,8713.4,53.17
2024-11-29,8752.29,53.25
2024-12-02,8748.57,54.01
2024-12-03,8757.31,54.43
2024-12-04,8723.45,53.93
2024-12-05,8678.22,53.68
2024-12-06,8728.52,55.12
2024-12-09,8717.42,54.83
2024-12-10,8857.05,55.62
2024-12-11,8801.83,54.9
2024-12-12,8953.58,55.58
2024-12-13,8718.42,53.74
2024-12-16,8759.62,53.12
2024-12-17,8914.39,53.01
2024-12-18,8982.22,52.94
2024-12-19,8879.26,52.89
2024-12-20,8853.5,52.62
2024-12-23,8875.86,53.1
2024-12-24,8938.01,53.78
2024-12-25,8893.7,53.9
2024-12-26,8882.59,53.45
2024-12-27,8888.52,53.27
2024-12-30,8868.57,53.9
2024-12-31,8863.55,52.65
2025-01-02,8682.65,50.71
2025-01-03,8617.33,50.3
2025-01-06,8441.46,50.34
2025-01-07,8442.47,50.17
2025-01-08,8454.03,50.3
2025-01-09,8461.56,49.81
2025-01-10,8421.37,48.95
2025-01-13,8461.46,48.59
2025-01-14,8604.77,49.36
2025-01-15,8598.59,49.11
2025-01-16,8473.52,49.25
2025-01-17,8515.58,49.38
2025-01-20,8616.33,49.81
2025-01-21,8582.91,49.9
2025-01-22,8446.49,48.95
2025-01-23,8456.54,50.37
2025-01-24,8421.37,50.86
2025-01-27,8416.29,50.85
2025-02-05,8259.57,49.72
2025-02-06,8304.99,50.25
2025-02-07,8421.37,50.88
2025-02-10,8398.8,50.9
2025-02-11,8330.92,50.52
2025-02-12,8456.54,51.08
2025-02-13,8567.39,51.02
2025-02-14,8617.33,51.7
2025-02-17,8600.35,51.84
2025-02-18,8617.33,51.31
2025-02-19,8697.73,51.45
2025-02-20,8612.31,50.78
2025-02-21,8683.71,51.2
2025-02-24,8637.78,52.0
2025-02-25,8511.81,50.98
2025-02-26,8542.01,51.62
2025-02-27,8670.39,51.62
2025-02-28,8746.92,50.38
2025-03-03,8677.73,50.33
2025-03-04,8592.76,50.08
2025-03-05,8573.97,50.38
2025-03-06,8773.0,51.64
2025-03-07,8848.47,51.5
2025-03-10,8858.02,51.25
2025-03-11,8987.56,51.5
2025-03-12,8956.91,51.15
2025-03-13,8932.74,51.14
2025-03-14,9386.18,53.47
2025-03-17,9435.67,53.38
