日期,茅台收盘,平安收盘,茅台收益率,平安收益率
2020-03-18,5367.86,69.87,-0.03357200598452026,-0.03146659273634589
2020-03-19,5307.61,67.81,-0.011224212255908306,-0.029483326177186187
2020-03-20,5504.99,69.0,0.037188112917113436,0.017549034065772018
2020-03-23,5423.18,66.76,-0.014861062417915294,-0.03246376811594198
2020-03-24,5609.1,68.95,0.03428246895732756,0.03280407429598564
2020-03-25,5730.2,70.35,0.02158991638587282,0.02030456852791862
2020-03-26,5653.92,70.19,-0.013311926285295428,-0.0022743425728499744
2020-03-27,5707.08,69.72,0.00940232617369885,-0.0066961105570594315
2020-03-30,5689.5,69.15,-0.0030803843646838303,-0.008175559380378505
2020-03-31,5885.46,69.17,0.03444239388346948,0.0002892263195950484
2020-04-01,5845.27,69.32,-0.006828693084312776,0.002168570189388319
2020-04-02,6056.31,69.67,0.03610440578450613,0.005049047893825875
2020-04-03,6030.13,68.86,-0.004322764191397099,-0.011626237979044052
2020-04-07,6131.43,69.97,0.016798974483137163,0.016119663084519287
2020-04-08,6130.47,69.39,-0.00015657032698734863,-0.00828926682864084
2020-04-09,6124.14,69.64,-0.0010325472598349261,0.0036028246144976794
2020-04-10,6156.8,70.99,0.005332993693808463,0.01938541068351518
2020-04-13,6143.24,70.13,-0.002202442827442863,-0.012114382307367277
2020-04-14,6257.8,71.02,0.018648140069409624,0.012690717239412619
2020-04-15,6280.41,70.85,0.0036130908626033076,-0.0023936919177696137
2020-04-16,6318.1,70.38,0.006001200558562347,-0.006633733239237771
2020-04-17,6463.31,72.4,0.022983175321694915,0.028701335606706513
2020-04-20,6469.85,73.5,0.001011865437368753,0.015193370165745845
2020-04-21,6332.67,72.37,-0.021202964520043,-0.015374149659863834
2020-04-22,6556.27,72.07,0.03530896130700012,-0.004145364101147075
2020-04-23,6595.27,72.16,0.0059485042562310575,0.0012487859025946957
2020-04-24,6586.72,70.5,-0.0012963836203825352,-0.023004434589800393
2020-04-27,6714.55,71.2,0.019407231520392587,0.009929078014184523
2020-04-28,6730.28,72.38,0.0023426737458205338,0.016573033707865115
2020-04-29,6709.03,74.0,-0.0031573723530076148,0.022381873445703304
2020-04-30,6662.8,74.46,-0.006890712964467194,0.006216216216216042
2020-05-06,6835.15,73.81,0.025867503151828064,-0.008729519204942138
2020-05-07,6895.45,73.23,0.008822044870997692,-0.007858013819265652
2020-05-08,6908.56,72.97,0.0019012537252827144,-0.003550457462788592
2020-05-11,6950.77,73.9,0.006109811596048953,0.012744963683705812
2020-05-12,7000.97,73.93,0.007222221422950259,0.0004059539918810362
2020-05-13,7015.79,73.34,0.0021168495222805284,-0.007980522115514699
2020-05-14,6968.76,72.23,-0.006703450359831109,-0.015134987728388283
2020-05-15,6900.47,72.23,-0.00979944782142017,0.0
2020-05-18,7067.34,72.2,0.024182410763324835,-0.0004153398864737978
2020-05-19,7066.84,72.9,-7.074797590045367e-05,0.00969529085872578
2020-05-20,7091.41,72.95,0.0034768015124155838,0.000685871056241405
2020-05-21,7167.29,72.38,0.010700269762994985,-0.00781357093899937
2020-05-22,6976.85,70.12,-0.026570712221774095,-0.031224095053882128
2020-05-25,7151.21,70.03,0.024991220966481986,-0.0012835139760410952
2020-05-26,7126.59,70.51,-0.003442774020060879,0.006854205340568464
2020-05-27,7026.09,70.65,-0.014102116159341316,0.0019855339668133354
2020-05-28,7056.24,71.51,0.004291149131309124,0.012172682236376575
2020-05-29,7169.8,70.71,0.016093556908495232,-0.011187246538945761
2020-06-01,7435.61,72.16,0.037073558537197515,0.020506293310705637
2020-06-02,7391.44,74.28,-0.005940333072875004,0.029379157427938063
2020-06-03,7334.11,75.01,-0.0077562694143495925,0.009827679052234917
2020-06-04,7377.78,75.14,0.005954369378152302,0.0017331022530329143
2020-06-05,7463.25,75.3,0.01158478566723331,0.0021293585307424756
2020-06-08,7368.28,76.72,-0.012725019261045856,0.01885790172642765
2020-06-09,7420.79,76.5,0.007126493564305392,-0.0028675703858185297
2020-06-10,7456.51,75.58,0.004813503683570142,-0.012026143790849653
2020-06-11,7339.94,74.22,-0.015633319072863916,-0.017994178354061918
2020-06-12,7419.88,74.15,0.010891097202429423,-0.0009431420102397059
2020-06-15,7252.21,72.54,-0.022597400497043063,-0.021712744436952147
2020-06-16,7357.12,73.46,0.014465935211473546,0.012682657843948064
2020-06-17,7362.75,73.01,0.00076524509590703,-0.006125782738905405
2020-06-18,7402.95,73.4,0.005459916471427073,0.005341734009039811
2020-06-19,7537.82,73.42,0.0182184129299805,0.00027247956403253504
2020-06-22,7533.6,72.77,-0.00055984356219696,-0.008853173522201163
2020-06-23,7711.98,71.96,0.02367792290538384,-0.011130960560670644
2020-06-24,7724.71,72.26,0.0016506785546643865,0.004168982768204765
2020-06-29,7740.59,71.01,0.0020557406038543835,-0.017298643786327172
2020-06-30,7739.13,71.4,-0.00018861611324205718,0.005492184199408445
2020-07-01,7896.86,73.5,0.020380843841620422,0.02941176470588225
2020-07-02,8146.75,76.0,0.031644223146921835,0.03401360544217691
2020-07-03,8135.64,77.96,-0.0013637340043575197,0.025789473684210362
2020-07-06,8428.13,84.12,0.0359516891111209,0.07901487942534646
2020-07-07,8870.32,83.22,0.05246596813290738,-0.010699001426533572
2020-07-08,8836.85,85.69,-0.0037732573345719,0.029680365296803624
2020-07-09,8960.76,85.92,0.014021964840412515,0.0026840938265841885
2020-07-10,9000.21,82.34,0.004402528356969526,-0.04166666666666663
2020-07-13,9342.6,82.36,0.0380424456762678,0.00024289531212051685
2020-07-14,9242.15,81.3,-0.010751824973776136,-0.012870325400680005
2020-07-15,9194.57,80.22,-0.005148152756663804,-0.013284132841328344
2020-07-16,8498.48,78.22,-0.07570663989724369,-0.024931438544004036
2020-07-17,8669.57,78.02,0.020131835339966653,-0.0025568908207619367
2020-07-20,8613.85,82.8,-0.006427077698201833,0.061266341963599036
2020-07-21,8769.82,80.76,0.018106886003355083,-0.02463768115942022
2020-07-22,8820.47,79.93,0.005775489120643185,-0.010277365032194119
2020-07-23,8810.02,79.0,-0.001184744123612358,-0.011635180783185373
2020-07-24,8404.52,77.0,-0.04602713728232177,-0.025316455696202556
2020-07-27,8541.44,76.43,0.01629123376468855,-0.0074025974025973
2020-07-28,8779.87,76.38,0.027914496852989634,-0.0006541933795631838
2020-07-29,8789.92,77.3,0.0011446638731551495,0.012045037968054562
2020-07-30,8830.12,76.03,0.004573420463440003,-0.016429495472186195
2020-07-31,8820.97,75.9,-0.0010362260082537045,-0.0017098513744573385
2020-08-03,8769.82,76.44,-0.005798682004360067,0.007114624505928813
2020-08-04,8779.82,78.67,0.0011402742587647285,0.029173207744636276
2020-08-05,8769.82,77.13,-0.001138975514304419,-0.019575441718571285
2020-08-06,8618.87,77.15,-0.01721243993605326,0.00025930247633887404
2020-08-07,8583.9,76.33,-0.004057376431017223,-0.01062864549578757
2020-08-10,8598.93,77.01,0.001750952364309999,0.008908685968819663
2020-08-11,8641.74,76.77,0.004978526398051741,-0.003116478379431409
2020-08-12,8563.55,77.16,-0.009047946362653825,0.005080109417741285
2020-08-13,8604.0,76.6,0.004723508358099204,-0.007257646448937338
2020-08-14,8734.65,78.19,0.015184797768479807,0.02075718015665795
2020-08-17,8880.37,81.1,0.01668298100095611,0.0372170354265251
2020-08-18,8955.74,79.75,0.008487258976821899,-0.016646115906288506
2020-08-19,8865.29,78.17,-0.010099667922471967,-0.01981191222570533
2020-08-20,8749.72,77.6,-0.013036234573262862,-0.0072917999232443576
2020-08-21,8810.02,78.25,0.006891649104199926,0.008376288659793785
2020-08-24,8912.27,77.8,0.011606103050844307,-0.005750798722044759
2020-08-25,9066.28,78.11,0.017280670356710548,0.003984575835475512
2020-08-26,9066.28,76.8,0.0,-0.016771220074254245
2020-08-27,9086.38,76.54,0.0022170063135042994,-0.0033854166666665853
2020-08-28,9217.03,77.89,0.014378663450131057,0.0176378364253984
2020-08-31,9365.26,76.62,0.016082186995159953,-0.01630504557709589
2020-09-01,9443.04,76.38,0.008305161842810715,-0.003132341425215457
2020-09-02,9407.97,75.93,-0.0037138463884512918,-0.005891594658287369
2020-09-03,9397.92,75.39,-0.0010682432023060295,-0.007111813512445719
2020-09-04,9282.35,74.82,-0.012297401978310085,-0.007560684440907406
2020-09-07,9048.7,75.06,-0.02517142749411516,0.0032076984763433902
2020-09-08,8987.9,77.14,-0.006719197232751828,0.02771116440181176
2020-09-09,8870.32,76.48,-0.013082032510375097,-0.008555872439719892
2020-09-10,8959.76,76.52,0.010083063519692681,0.0005230125523012497
2020-09-11,9096.43,77.21,0.015253756797056983,0.009017250392054255
2020-09-14,9262.25,78.55,0.018229129449685244,0.017355264862064512
2020-09-15,9232.1,79.91,-0.0032551485870063734,0.017313812858052113
2020-09-16,9056.74,78.6,-0.018994594945895393,-0.016393442622950838
2020-09-17,8782.48,79.0,-0.030282419501939994,0.0050890585241731845
2020-09-18,8905.49,82.89,0.01400629434965972,0.04924050632911392
2020-09-21,8763.79,80.93,-0.01591153322276473,-0.023645795632766253
2020-09-22,8758.21,79.07,-0.0006367108294472734,-0.02298282466328938
2020-09-23,8679.27,78.56,-0.009013257275173658,-0.0064499810294674775
2020-09-24,8575.46,77.07,-0.011960683329358512,-0.018966395112016365
2020-09-25,8604.55,77.59,0.0033922378507975637,0.006747113014143213
2020-09-28,8734.65,77.95,0.015119907490804385,0.004639773166645211
2020-09-29,8690.93,76.8,-0.005005352246512329,-0.014753046824887872
2020-09-30,8772.33,76.26,0.009366086253139727,-0.007031249999999933
2020-10-09,8910.51,77.9,0.015751801402819954,0.021505376344086002
2020-10-12,9184.92,80.86,0.030796217051549224,0.037997432605904935
2020-10-13,9126.58,81.38,-0.006351715638241884,0.006430868167202508
2020-10-14,9076.33,81.38,-0.005505895965410956,0.0
2020-10-15,9056.23,81.4,-0.00221455147620242,0.0002457606291472736
2020-10-16,8990.91,82.0,-0.007212714341398141,0.0073710073710073765
2020-10-19,8925.59,81.85,-0.007265115544477618,-0.0018292682926830395
2020-10-20,9101.46,81.23,0.019704019566213482,-0.007574832009773824
2020-10-21,9098.09,82.4,-0.0003702702643311184,0.014403545488120173
2020-10-22,9144.17,82.1,0.005064799315021018,-0.003640776699029291
2020-10-23,9007.64,83.5,-0.014930824776879792,0.01705237515225333
2020-10-26,8644.2,82.2,-0.04034797127771517,-0.015568862275449069
2020-10-27,8553.75,81.07,-0.010463663496911302,-0.013746958637469664
2020-10-28,8753.79,79.58,0.02338623410784746,-0.018379178487726633
2020-10-29,8810.02,78.66,0.00642350341966158,-0.011560693641618491
2020-10-30,8779.97,77.83,-0.0034108889650649177,-0.010551741673023085
2020-11-02,8800.02,77.23,0.0022836068915954577,-0.007709109597841324
2020-11-03,8905.49,79.16,0.011985200033636234,0.024990288747895884
2020-11-04,8928.5,79.5,0.0025837994315867086,0.004295098534613517
2020-11-05,9040.66,80.94,0.012562020496164061,0.01811320754716972
2020-11-06,8933.73,81.3,-0.011827676297969436,0.004447739065974732
2020-11-09,9144.52,82.98,0.023594847840711752,0.020664206642066585
2020-11-10,9156.73,83.2,0.0013352259057883842,0.0026512412629549065
2020-11-11,9088.14,83.52,-0.007490665335769475,0.0038461538461538325
2020-11-12,9105.43,82.27,0.001902479495254461,-0.014966475095785414
2020-11-13,8955.74,80.34,-0.016439640961492308,-0.02345934119363069
2020-11-16,9081.61,83.1,0.014054673315661237,0.034353995519043945
2020-11-17,9010.0,84.03,-0.007885165736031485,0.011191335740072361
2020-11-18,8898.71,85.37,-0.012351831298557214,0.015946685707485475
2020-11-19,9032.06,85.42,0.014985318096667921,0.0005856858381163565
2020-11-20,9030.91,84.54,-0.0001273242206096814,-0.010302036993678265
2020-11-23,9383.9,86.22,0.03908686942954809,0.019872249822569188
2020-11-24,9249.69,85.0,-0.014302155820074769,-0.014149849222918065
2020-11-25,9065.68,87.25,-0.019893639678735253,0.026470588235294024
2020-11-26,9103.42,89.15,0.004162953027241123,0.02177650429799427
2020-11-27,9121.05,90.1,0.0019366348031837344,0.010656197420078284
2020-11-30,9000.51,90.03,-0.01321558373213605,-0.0007769145394005417
2020-12-01,9116.53,93.38,0.01289038065620729,0.03720981894923914
2020-12-02,9121.61,92.85,0.0005572295599312049,-0.005675733561790519
2020-12-03,9176.83,91.87,0.006053755861081367,-0.01055465805061917
2020-12-04,9398.47,92.19,0.024152130964613994,0.003483182758245329
2020-12-07,9495.4,90.38,0.010313380794959137,-0.019633365874823783
2020-12-08,9684.33,88.05,0.019897002759230897,-0.0257800398318212
2020-12-09,9634.08,87.87,-0.005188794681717734,-0.002044293015332155
2020-12-10,9598.41,87.68,-0.0037024811917691913,-0.002162285194036606
2020-12-11,9533.59,86.1,-0.006753201832386813,-0.01802007299270092
2020-12-14,9578.81,87.69,0.004743228941038957,0.01846689895470388
2020-12-15,9513.54,86.3,-0.006813998816136757,-0.01585129433230703
2020-12-16,9634.08,86.84,0.012670362451831618,0.006257242178447253
2020-12-17,9762.27,88.98,0.013305889093717438,0.024643021649009667
2020-12-18,9659.21,87.79,-0.010556970868455973,-0.01337379186334009
2020-12-21,9646.65,87.05,-0.0013003133796655186,-0.008429206059915817
2020-12-22,9840.1,84.15,0.020053593734612685,-0.033314187248707494
2020-12-23,9642.37,84.85,-0.02009430798467493,0.00831847890671411
2020-12-24,9585.54,84.2,-0.005893779226476492,-0.0076605774896876255
2020-12-25,9583.84,83.2,-0.0001773504674750237,-0.01187648456057011
2020-12-28,9799.9,84.62,0.022544199402327214,0.017067307692307798
2020-12-29,9769.75,85.5,-0.0030765620057346954,0.01039943275821309
2020-12-30,10101.39,85.88,0.033945597379666737,0.004444444444444473
2020-12-31,10428.0,86.98,0.032333173949327776,0.01280857009781089
2021-01-04,10422.98,85.18,-0.00048139624088994193,-0.020694412508622584
2021-01-05,10736.77,84.27,0.03010559360182996,-0.010683258980981547
2021-01-06,10940.53,85.74,0.018977774507603407,0.017443930224279036
2021-01-07,11141.52,86.26,0.018371139240969114,0.0060648472125031105
2021-01-08,10890.28,86.1,-0.022549885473436282,-0.001854857407836863
2021-01-11,10939.17,84.03,0.004489324425083652,-0.024041811846689853
2021-01-12,11246.54,87.82,0.028098109820032136,0.045102939426395317
2021-01-13,11262.12,87.54,0.0013853149501981132,-0.003188339785925587
2021-01-14,11111.37,85.27,-0.0133855792692672,-0.025931002970070893
2021-01-15,10850.08,86.9,-0.02351555208763645,0.01911574997068155
2021-01-18,10754.61,87.2,-0.008799013463495098,0.0034522439585731313
2021-01-19,10485.33,86.8,-0.02503856485730316,-0.004587155963302836
2021-01-20,10642.21,85.2,0.014961856231515691,-0.018433179723502224
2021-01-21,10789.79,84.44,0.013867420394824137,-0.008920187793427292
2021-01-22,10839.78,83.8,0.004633083683741823,-0.007579346281383237
2021-01-25,11317.39,84.88,0.044060857323672487,0.01288782816229106
2021-01-26,11151.02,83.0,-0.014700385866352472,-0.022148916116870865
2021-01-27,10885.26,83.04,-0.0238327973584479,0.0004819277108434328
2021-01-28,10880.23,80.92,-0.00046209277500042223,-0.025529865125240914
2021-01-29,11021.83,79.08,0.013014430761114415,-0.022738507167572974
2021-02-01,10987.36,79.27,-0.003127429836968898,0.002402630247850146
2021-02-02,11166.65,78.18,0.0163178415925207,-0.013750473066733826
2021-02-03,11392.31,76.54,0.020208388370728914,-0.02097723202865187
2021-02-04,12050.25,79.62,0.05775299302775294,0.04024039717794614
2021-02-05,12010.81,79.72,-0.0032729611418850224,0.0012559658377291338
2021-02-08,12291.19,78.57,0.023343970972815375,-0.014425489212242959
2021-02-09,12731.52,78.13,0.03582484690253751,-0.00560010182003301
2021-02-10,13457.95,79.25,0.05705760192027354,0.014335082554716605
2021-02-18,12804.73,82.38,-0.048537853090552474,0.03949526813880122
2021-02-19,12749.45,84.2,-0.004317154676435897,0.02209274095654301
2021-02-22,11885.29,83.0,-0.06778017875280895,-0.014251781472684133
2021-02-23,11980.66,84.32,0.008024204710192162,0.015903614457831283
2021-02-24,11387.74,83.78,-0.04948976099814206,-0.006404174573054977
2021-02-25,11191.77,87.14,-0.017208857947230927,0.04010503700167112
2021-02-26,11054.99,85.18,-0.012221480605838053,-0.0224925407390405
2021-03-01,11231.97,84.84,0.01600906016197201,-0.003991547311575472
2021-03-02,10729.49,83.23,-0.044736586725213745,-0.018976897689768957
2021-03-03,11141.52,86.75,0.038401638847699315,0.04229244262885978
2021-03-04,10603.87,86.3,-0.048256431797456645,-0.005187319884726205
2021-03-05,10740.09,84.5,0.01284625330186051,-0.02085747392815751
2021-03-08,10237.06,84.95,-0.04683666524209762,0.005325443786982298
2021-03-09,10121.44,84.05,-0.011294258312445127,-0.010594467333725821
2021-03-10,10287.36,83.28,0.016392924326973146,-0.009161213563355086
2021-03-11,10679.24,86.36,0.038093349508522945,0.03698366954851107
2021-03-12,10568.7,85.55,-0.010350923848513438,-0.009379342288096337
2021-03-15,10314.69,85.11,-0.02403417638877059,-0.005143191116306234
2021-03-16,10490.81,85.4,0.01707467698980758,0.003407355187404537
2021-03-17,10590.6,82.54,0.00951213490664693,-0.033489461358313766
2021-03-18,10788.28,81.42,0.0186656091250732,-0.013569178580082442
2021-03-19,10488.3,79.64,-0.027806100694457436,-0.0218619503807419
2021-03-22,10387.75,79.82,-0.009586872991809825,0.0022601707684579697
2021-03-23,10417.95,80.05,0.002907270583138777,0.002881483337509483
2021-03-24,10382.78,79.01,-0.0033759040886163216,-0.01299188007495311
2021-03-25,10292.33,79.2,-0.008711539683976754,0.002404758891279446
2021-03-26,10503.37,80.01,0.020504589339828794,0.010227272727272751
2021-03-29,10609.4,79.13,0.010094855270260661,-0.010998625171853682
2021-03-30,10719.69,79.37,0.010395498331668307,0.0030329836977127655
2021-03-31,10483.27,78.7,-0.02205474225467341,-0.008441476628449074
2021-04-01,10661.65,79.2,0.017015683083617894,0.006353240152477735
2021-04-02,11252.07,78.88,0.055377919927966035,-0.0040404040404041774
2021-04-06,11071.32,79.03,-0.01606371094385295,0.0019016227180528311
2021-04-07,10744.56,78.45,-0.02951409588016607,-0.007338985195495362
2021-04-08,10789.79,78.63,0.00420957209974171,0.002294455066921497
2021-04-09,10538.55,77.16,-0.02328497588924361,-0.018695154521175095
2021-04-12,10482.72,77.16,-0.005297692756593642,0.0
2021-04-13,10543.57,76.56,0.005804791122914654,-0.007776049766718418
2021-04-14,10674.22,77.15,0.012391438573462255,0.00770637408568442
2021-04-15,10516.44,75.81,-0.01478140791551974,-0.017368762151652617
2021-04-16,10714.31,75.7,0.018815302516821175,-0.0014509959108296444
2021-04-19,10880.23,76.18,0.015485831565448471,0.0063408190224572
2021-04-20,10914.4,76.0,0.0031405586095147875,-0.0023628248884222103
2021-04-21,10840.03,75.62,-0.006813933885508994,-0.004999999999999893
2021-04-22,10716.93,74.37,-0.011356057132683284,-0.01653001851362068
2021-04-23,10985.45,74.26,0.02505568292412108,-0.0014790910313298156
2021-04-26,10829.08,72.89,-0.014234282619282834,-0.018448693778615688
2021-04-27,10912.59,73.27,0.007711643094334919,0.005213335162573607
2021-04-28,10649.09,72.81,-0.02414642170190573,-0.006278149310768311
2021-04-29,10570.5,73.82,-0.007379973312273691,0.013871720917456365
2021-04-30,10472.12,72.5,-0.009307033725935332,-0.017881332972094155
2021-05-06,10232.03,70.53,-0.022926589840452594,-0.027172413793103423
2021-05-07,9950.65,70.1,-0.02749991937083851,-0.006096696441230787
2021-05-10,9830.2,70.03,-0.012104736876485389,-0.0009985734664763601
2021-05-11,10232.03,70.28,0.040877093039816126,0.00356989861487933
2021-05-12,10357.65,69.93,0.012277133667512707,-0.004980079681274785
2021-05-13,10294.84,69.14,-0.006064116860484692,-0.011297011297011439
2021-05-14,10487.54,71.18,0.018718115094552346,0.029505351460804352
2021-05-17,10729.29,70.37,0.02305116357124737,-0.011379601011520135
2021-05-18,10736.07,70.9,0.0006319150661413531,0.0075316185874663155
2021-05-19,10684.27,69.97,-0.004824856767886132,-0.013117066290550206
2021-05-20,10733.91,70.72,0.00464608251195453,0.010718879519794111
2021-05-21,10649.59,70.05,-0.007855478572113994,-0.009473981900452566
2021-05-24,10796.27,69.94,0.013773300192777338,-0.0015703069236259193
2021-05-25,11415.37,72.46,0.057343878950785854,0.036030883614526665
2021-05-26,11543.5,72.38,0.011224340516338804,-0.001104057410985293
2021-05-27,11669.12,72.9,0.010882314722571174,0.007184305056645579
2021-05-28,11593.75,72.97,-0.00645892749410415,0.0009602194787379226
2021-05-31,11533.46,71.8,-0.005200215633423211,-0.016033986569823244
2021-06-01,11648.77,71.13,0.009997867075448363,-0.009331476323119814
2021-06-02,11553.55,70.87,-0.008174253590722547,-0.003655279066497874
2021-06-03,11554.66,70.68,9.60743667530739e-05,-0.002680965147453085
2021-06-04,11701.79,70.85,0.012733390683931978,0.002405206564798812
2021-06-07,11799.77,70.28,0.00837307796499509,-0.008045165843330926
2021-06-08,11397.79,70.41,-0.03406676570814515,0.0018497438816162948
2021-06-09,11440.5,70.3,0.003747217662371405,-0.0015622780854992468
2021-06-10,11636.36,70.01,0.017119881124076697,-0.0041251778093882585
2021-06-11,11336.53,69.4,-0.025766648677077675,-0.008713040994143717
2021-06-15,11407.84,67.07,0.0062902845932573115,-0.03357348703170049
2021-06-16,11231.97,67.0,-0.015416590695521704,-0.0010436857015058143
2021-06-17,11226.49,66.25,-0.0004878930410248117,-0.011194029850746245
2021-06-18,10895.01,65.1,-0.029526592906598537,-0.017358490566037776
2021-06-21,10848.27,64.16,-0.004290037365729749,-0.014439324116743424
2021-06-22,10814.76,64.73,-0.003088971789972028,0.00888403990024944
2021-06-23,10628.99,65.82,-0.017177450077486722,0.016839178124516962
2021-06-24,10779.99,65.96,0.014206429773666152,0.002127013065937433
2021-06-25,10997.27,66.68,0.020155862853305173,0.010915706488781263
2021-06-28,11052.6,65.6,0.005031248664441268,-0.016196760647870567
2021-06-29,10846.53,64.38,-0.01864448184137668,-0.018597560975609717
2021-06-30,10819.9,64.28,-0.0024551630798053115,-0.001553277415346277
2021-07-01,11062.6,64.76,0.022430891228199856,0.007467330429371533
2021-07-02,10600.32,62.3,-0.04178764485744768,-0.03798641136504022
2021-07-05,10504.85,61.91,-0.009006331884320429,-0.006260032102728741
2021-07-06,10599.81,62.9,0.00903963407378483,0.01599095461153288
2021-07-07,10555.09,62.37,-0.004218943547101284,-0.008426073131955536
2021-07-08,10459.62,60.78,-0.009044925244597546,-0.025493025493025456
2021-07-09,10394.85,60.09,-0.006192385574236958,-0.011352418558736366
2021-07-12,10339.03,59.4,-0.005369966858588593,-0.011482775836245684
2021-07-13,10449.07,59.7,0.01064316478431726,0.005050505050505194
2021-07-14,10344.05,57.91,-0.010050655225776084,-0.029983249581239657
2021-07-15,10524.89,59.98,0.017482514102310054,0.035745121740631935
2021-07-16,10313.4,59.7,-0.02009427176911116,-0.004668222740913497
2021-07-19,10409.37,59.35,0.009305369713188849,-0.005862646566164198
2021-07-20,10434.5,58.46,0.0024141710785570147,-0.014995787700084251
2021-07-21,10379.23,58.08,-0.005296851789736046,-0.006500171057133075
2021-07-22,10233.56,58.54,-0.014034759803954633,0.007920110192837448
2021-07-23,10032.51,57.64,-0.01964614464565595,-0.01537410317731458
2021-07-26,9550.69,54.5,-0.048025867903445874,-0.05447605829285218
2021-07-27,9092.33,52.67,-0.04799234400865282,-0.033577981651376154
2021-07-28,9373.76,53.11,0.03095246213016911,0.008353901651794171
2021-07-29,9277.74,53.25,-0.010243488205373352,0.002636038410845476
2021-07-30,8921.99,53.67,-0.038344467510406655,0.007887323943662095
2021-08-02,9303.92,54.01,0.04280771442245501,0.00633501024781058
2021-08-03,9275.28,54.24,-0.0030782723841132897,0.004258470653582647
2021-08-04,9148.15,53.6,-0.013706324768632427,-0.01179941002949858
2021-08-05,9022.53,54.2,-0.013731738110984049,0.011194029850746245
2021-08-06,8881.84,53.67,-0.015593187276739529,-0.009778597785977894
2021-08-09,8996.4,55.12,0.012898228295037839,0.027016955468604387
2021-08-10,9525.01,55.73,0.058757947623493845,0.011066763425253923
2021-08-11,9281.31,55.8,-0.02558527497608931,0.0012560559842096364
2021-08-12,8977.31,54.74,-0.032753997011197744,-0.018996415770609287
2021-08-13,9027.76,54.31,0.005619723502920282,-0.007855316039459215
2021-08-16,9023.54,54.93,-0.0004674470743571968,0.011415945498066682
2021-08-17,8700.94,54.21,-0.035750935885472956,-0.013107591480065572
2021-08-18,8625.57,56.04,-0.008662282466032512,0.03375760929717764
2021-08-19,8625.42,53.71,-1.7390155085394987e-05,-0.04157744468236968
2021-08-20,8263.79,53.01,-0.041926074324496576,-0.013032954757028592
2021-08-23,8375.29,52.7,0.01349259843243833,-0.005847953216374213
2021-08-24,8651.6,51.8,0.03299109642770581,-0.017077798861480198
2021-08-25,8851.79,51.58,0.023139072541495276,-0.004247104247104172
2021-08-26,8499.95,50.3,-0.03974789279908364,-0.024815820085304363
2021-08-27,8505.13,52.0,0.000609415349501985,0.03379721669980129
2021-08-30,8454.73,50.71,-0.005925835348783548,-0.02480769230769231
2021-08-31,8314.04,49.9,-0.016640389462466376,-0.01597318083218302
2021-09-01,8635.67,51.49,0.03868516389144139,0.03186372745490984
2021-09-02,8619.54,51.55,-0.0018678342271067905,0.001165274810642769
2021-09-03,8817.62,51.71,0.02298034465876375,0.0031037827352085046
2021-09-06,8880.18,51.58,0.007094885014323538,-0.0025140204989364534
2021-09-07,8871.79,52.34,-0.0009448006684548149,0.014734393175649618
2021-09-08,8691.4,51.95,-0.020332988044126532,-0.007451280091708035
2021-09-09,8696.32,51.62,0.000566076811560956,-0.006352261790183
2021-09-10,8839.53,51.71,0.01646788526641174,0.0017435102673382108
2021-09-13,8796.42,51.12,-0.004876956127757959,-0.01140978534132675
2021-09-14,8811.49,49.86,0.001713196959672203,-0.02464788732394363
2021-09-15,8604.17,49.47,-0.023528370343721683,-0.007821901323706415
2021-09-16,8716.37,49.51,0.013040188652711393,0.0008085708510208178
2021-09-17,8957.21,48.68,0.027630768312955745,-0.01676429004241564
2021-09-22,8714.46,47.78,-0.027101072767078183,-0.018488085456039416
2021-09-23,8700.94,48.22,-0.0015514443809483414,0.009208874005860235
2021-09-24,8997.41,48.08,0.03407333000802204,-0.002903359601824973
2021-09-27,9806.4,49.0,0.08991365292900966,0.019134775374376023
2021-09-28,9640.88,49.26,-0.016878773046174023,0.0053061224489796555
2021-09-29,9630.53,49.19,-0.0010735534515520229,-0.0014210312626877775
2021-09-30,9680.78,48.36,0.005217781368211272,-0.01687334824151243
2021-10-08,9729.02,52.1,0.004983069546048879,0.077336641852771
2021-10-11,9867.3,52.74,0.014213147881287025,0.012284069097888706
2021-10-12,9886.75,52.26,0.001971157256797751,-0.009101251422070633
2021-10-13,10182.76,51.75,0.029940071307558158,-0.009758897818599288
2021-10-14,10087.79,51.41,-0.009326548008594893,-0.006570048309178844
2021-10-15,10117.79,50.88,0.0029738922003730295,-0.010309278350515316
2021-10-18,9530.04,49.86,-0.05809074906674283,-0.02004716981132082
2021-10-19,9591.24,51.45,0.006421798859186145,0.03188929001203378
2021-10-20,9736.05,51.37,0.015098152063758086,-0.001554907677356776
2021-10-21,9751.13,54.28,0.001548882760462389,0.0566478489390696
2021-10-22,10037.54,54.29,0.02937198047816003,0.00018422991893873863
2021-10-25,9897.0,53.21,-0.01400143859949754,-0.019893166328973977
2021-10-26,9836.8,52.17,-0.006082651308477405,-0.01954519827100165
2021-10-27,9625.51,51.65,-0.021479546193884147,-0.009967414222733395
2021-10-28,9658.12,51.3,0.003387872434811312,-0.006776379477250738
2021-10-29,9661.08,49.57,0.00030647786525728193,-0.0337231968810916
2021-11-01,9545.11,50.12,-0.012003833939890685,0.011095420617308838
2021-11-02,9553.35,50.01,0.0008632692551473475,-0.0021947326416600355
2021-11-03,9354.17,50.05,-0.02084923089806201,0.0007998400319935151
2021-11-04,9551.14,49.7,0.021056918999761587,-0.006993006993006867
2021-11-05,9630.23,49.93,0.00828068691276651,0.004627766599597516
2021-11-08,9631.03,50.4,8.307174387334193e-05,0.009413178449829696
2021-11-09,9479.84,49.69,-0.01569821711696473,-0.014087301587301648
2021-11-10,9298.84,49.13,-0.019093149251464214,-0.011269873213926251
2021-11-11,9377.28,51.15,0.008435460767149516,0.041115408100956596
2021-11-12,9398.29,50.61,0.0022405217717718084,-0.010557184750733084
2021-11-15,9334.77,50.6,-0.006758676312393019,-0.00019758940920766577
2021-11-16,9570.23,50.36,0.025223974452503795,-0.004743083003952653
2021-11-17,9504.91,50.05,-0.0068253323065380345,-0.0061556791104051545
2021-11-18,9489.84,49.51,-0.0015854963382083698,-0.010789210789210801
2021-11-19,9672.79,49.96,0.019278512598737363,0.009089072914562735
2021-11-22,9802.73,49.71,0.013433559500412917,-0.005004003202562002
2021-11-23,10014.58,49.62,0.021611326640639916,-0.0018105009052504784
2021-11-24,10238.53,49.75,0.02236239562717568,0.002619911326078306
2021-11-25,10314.05,49.4,0.007376058867825552,-0.00703517587939706
2021-11-26,10238.58,48.72,-0.007317203232483749,-0.013765182186234792
2021-11-29,10459.62,48.66,0.02158893127757966,-0.0012315270935960854
2021-11-30,10187.13,48.22,-0.026051615641868642,-0.009042334566378929
2021-12-01,10198.28,48.87,0.0010945182794370734,0.013479883865615827
2021-12-02,10203.36,48.88,0.0004981232129339652,0.0002046245140168157
2021-12-03,10393.7,48.99,0.018654639256088235,0.0022504091653028357
2021-12-06,10370.68,49.15,-0.0022148031980911975,0.0032659726474790762
2021-12-07,10313.25,50.39,-0.005537727516421342,0.025228891149542187
2021-12-08,10751.06,50.34,0.042451215669163433,-0.000992260369120812
2021-12-09,10969.89,51.31,0.020354272043872967,0.019268970997218915
2021-12-10,10987.23,51.22,0.001580690417132713,-0.0017540440459949957
2021-12-13,11128.92,51.15,0.012895880035277418,-0.001366653650917593
2021-12-14,11288.71,50.85,0.014358086858383245,-0.0058651026392961825
2021-12-15,11213.34,50.7,-0.006676582178123058,-0.002949852507374562
2021-12-16,11132.89,51.2,-0.007174490383775156,0.009861932938856066
2021-12-17,10789.75,50.54,-0.03082218543433013,-0.012890625000000044
2021-12-20,10831.26,50.28,0.0038471697676034644,-0.005144440047487153
2021-12-21,10726.94,50.84,-0.009631381759832136,0.011137629276054106
2021-12-22,10776.18,50.18,0.004590311868995167,-0.012981904012588585
2021-12-23,11137.97,50.22,0.033573121458624344,0.0007971303308089706
2021-12-24,11510.26,49.82,0.033425301019844866,-0.00796495420151333
2021-12-27,11197.36,49.98,-0.027184442401822384,0.0032115616218384435
2021-12-28,11229.32,50.87,0.002854244214707702,0.017807122849139656
2021-12-29,10741.01,50.81,-0.04348526892100324,-0.0011794770984862035
2021-12-30,10911.85,50.41,0.01590539437166516,-0.007872466049990257
2021-12-31,10786.23,50.41,-0.011512255025499907,0.0
2022-01-04,10792.41,51.0,0.0005729527369617848,0.01170402697877404
2022-01-05,10655.59,52.07,-0.012677427933149299,0.02098039215686276
2022-01-06,10445.65,51.3,-0.01970233464313098,-0.014787785673132436
2022-01-07,10243.56,52.94,-0.019346809437421286,0.03196881091617931
2022-01-10,10364.15,53.08,0.011772274482699352,0.0026445032111825917
2022-01-11,10236.27,52.86,-0.01233868672298255,-0.0041446872645063415
2022-01-12,10369.18,52.5,0.012984221791726869,-0.006810442678774065
2022-01-13,9918.9,52.3,-0.04342484169432881,-0.003809523809523818
2022-01-14,9866.7,51.1,-0.0052626803375372955,-0.02294455066921597
2022-01-17,9839.61,50.94,-0.0027455988324364133,-0.0031311154598826496
2022-01-18,9993.67,51.23,0.015657124621809126,0.005692972124067497
2022-01-19,10092.81,51.45,0.009920279536946852,0.00429435877415596
2022-01-20,10381.84,53.4,0.028637217979928353,0.03790087463556846
2022-01-21,10459.57,53.55,0.007487112111147942,0.002808988764045006
2022-01-24,10284.76,53.13,-0.0167129241450652,-0.007843137254901822
2022-01-25,10248.58,51.2,-0.003517826376113864,-0.03632599284773197
2022-01-26,10308.88,51.83,0.00588374194278618,0.012304687499999911
2022-01-27,10359.13,50.79,0.004874438348297705,-0.02006559907389538
2022-01-28,9967.19,49.97,-0.03783522361433811,-0.016144910415436087
2022-02-07,9871.52,51.98,-0.009598492654399049,0.0402241344806884
2022-02-08,9726.0,53.0,-0.014741397474755669,0.019622931896883467
2022-02-09,10012.31,53.04,0.029437589965042088,0.0007547169811321641
2022-02-10,9896.85,54.18,-0.011531804348846486,0.02149321266968318
2022-02-11,9781.12,55.59,-0.011693619687072054,0.026024363233665637
2022-02-14,9875.09,53.9,0.00960728423738777,-0.030401151286202688
2022-02-15,9985.38,53.28,0.01116850580602291,-0.011502782931354316
2022-02-16,9995.08,53.84,0.0009714202163564334,0.010510510510510551
2022-02-17,9967.14,53.65,-0.002795375324659788,-0.003528974739970381
2022-02-18,10067.69,54.5,0.01008814965978222,0.01584342963653307
2022-02-21,9916.89,54.16,-0.014978609790329389,-0.006238532110091843
2022-02-22,9569.58,53.07,-0.0350220684105601,-0.0201255539143278
2022-02-23,9665.76,52.89,0.010050597831879893,-0.0033917467495759857
2022-02-24,9349.7,51.46,-0.03269892900299609,-0.027037247116657226
2022-02-25,9525.31,51.4,0.01878242082633652,-0.0011659541391372263
2022-02-28,9481.8,50.76,-0.004567830338330192,-0.012451361867704347
2022-03-01,9823.89,51.39,0.03607859267227753,0.012411347517730542
2022-03-02,9755.55,50.76,-0.006956511117286568,-0.012259194395796924
2022-03-03,9530.04,50.92,-0.023116072389562703,0.0031520882584712417
2022-03-04,9432.05,50.1,-0.010282223369471821,-0.01610369206598583
2022-03-07,9062.73,48.88,-0.03915585689219203,-0.024351297405189598
2022-03-08,9294.88,47.47,0.025615901610221092,-0.028846153846153966
2022-03-09,9425.42,46.92,0.014044291050556934,-0.011586265009479568
2022-03-10,9502.05,46.91,0.00813014168068893,-0.0002131287297528761
2022-03-11,9374.32,47.14,-0.013442362437579236,0.004903005755702461
2022-03-14,9027.56,45.81,-0.03699041637153422,-0.028213831141281287
2022-03-15,8540.15,42.65,-0.053991333206314884,-0.06898057192752682
2022-03-16,8901.69,44.29,0.042334151039501666,0.038452520515826594
2022-03-17,9128.81,45.5,0.025514256281672143,0.027319936780311638
2022-03-18,9066.7,47.93,-0.006803734550286267,0.05340659340659348
2022-03-21,9049.16,47.04,-0.0019345517112070443,-0.01856874608804504
2022-03-22,9002.43,47.8,-0.005164015223512397,0.016156462585033893
2022-03-23,9289.8,47.9,0.03192138122706867,0.0020920502092049986
2022-03-24,9132.73,48.25,-0.0169077913410407,0.007306889352818313
2022-03-25,8977.31,47.63,-0.017017912497139465,-0.012849740932642462
2022-03-28,8830.58,47.85,-0.016344539734062802,0.004618937644341736
2022-03-29,8861.74,47.21,0.0035286470424367167,-0.013375130616509967
2022-03-30,9178.8,48.7,0.03577852656476033,0.03156110993433603
2022-03-31,9123.03,48.45,-0.006075957641521579,-0.005133470225872738
2022-04-01,9429.59,48.96,0.03360287097598058,0.010526315789473717
2022-04-06,9354.17,49.54,-0.007998226858219715,0.011846405228758128
2022-04-07,9354.17,48.48,0.0,-0.021396851029471198
2022-04-08,9449.64,49.24,0.010206143356385367,0.01567656765676584
2022-04-11,9128.05,47.62,-0.03403198428723209,-0.03290008123476862
2022-04-12,9439.59,48.47,0.03412996204008523,0.01784964300713998
2022-04-13,9374.27,47.82,-0.006919792067240138,-0.013410356921807254
2022-04-14,9575.26,48.19,0.02144060284160787,0.007737348389795118
2022-04-15,9560.13,48.3,-0.001580113751480483,0.002282631251296907
2022-04-18,9483.91,47.0,-0.007972694931972613,-0.026915113871635588
2022-04-19,9481.29,46.44,-0.00027625736642367116,-0.01191489361702136
2022-04-20,9514.96,45.91,0.0035512045301850925,-0.01141257536606377
2022-04-21,9429.44,46.22,-0.00898795160463084,0.006752341537791473
2022-04-22,9394.37,46.46,-0.0037192028370719443,0.005192557334487313
2022-04-25,9067.75,44.85,-0.034767632103057555,-0.034653465346534684
2022-04-26,9190.76,43.59,0.013565658515067192,-0.028093645484949747
2022-04-27,9504.51,43.91,0.034137546840522504,0.007341133287451118
2022-04-28,9705.9,43.66,0.021188888222538393,-0.0056934639034388335
2022-04-29,9672.64,44.56,-0.0034267816482758118,0.02061383417315632
2022-05-05,9715.95,45.02,0.0044775779931849335,0.01032315978456011
2022-05-06,9494.86,44.06,-0.02275536617623597,-0.02132385606397158
2022-05-09,9288.85,44.35,-0.02169700237812877,0.006581933726736322
2022-05-10,9360.15,44.47,0.0076758694563912044,0.0027057497181510737
2022-05-11,9369.24,44.73,0.000971138283040407,0.00584663818304465
2022-05-12,9342.46,44.0,-0.0028582894663815583,-0.016320143080706395
2022-05-13,9420.7,43.96,0.00837466791401864,-0.0009090909090908594
2022-05-16,9318.99,43.36,-0.010796437632023204,-0.01364877161055511
2022-05-17,9369.24,43.82,0.005392215250794363,0.01060885608856088
2022-05-18,9334.07,43.63,-0.003753772984788517,-0.004335919671382915
2022-05-19,9308.94,43.29,-0.00269228750159356,-0.007792803117121272
2022-05-20,9530.09,44.31,0.023756732775160216,0.023562023562023526
2022-05-23,9434.56,43.89,-0.010024039647054783,-0.009478672985781977
2022-05-24,9329.04,43.14,-0.011184411355696366,-0.01708817498291182
2022-05-25,9306.48,43.23,-0.0024182552545600755,0.0020862308762168436
2022-05-26,9242.62,43.15,-0.006861885481943664,-0.0018505667360628753
2022-05-27,9304.72,43.53,0.006718874085486437,0.00880648899188885
2022-05-30,9421.55,44.15,0.012555993087379314,0.014243050769584098
2022-05-31,9550.29,44.2,0.013664418275124657,0.0011325028312572094
2022-06-01,9470.99,44.17,-0.008303412775947261,-0.0006787330316742057
2022-06-02,9459.69,44.0,-0.0011931170870204122,-0.00384876613085805
2022-06-06,9469.74,44.26,0.0010624026791574703,0.005909090909090864
2022-06-07,9619.98,44.15,0.015865271908204415,-0.002485314053321308
2022-06-08,9859.66,44.59,0.024914812712708345,0.009966024915062377
2022-06-09,9796.35,44.62,-0.0064211139126501005,0.0006727965911637046
2022-06-10,10035.53,44.94,0.02441521587121742,0.007171671896010867
2022-06-13,9811.42,44.14,-0.022331655627555347,-0.017801513128615887
2022-06-14,9886.8,45.22,0.007682883823136644,0.024467603081105516
2022-06-15,9907.4,47.65,0.002083586195735787,0.05373728438743908
2022-06-16,9916.94,46.5,0.0009629166077882445,-0.02413431269674704
2022-06-17,10288.78,47.03,0.03749543710055714,0.011397849462365661
2022-06-20,10243.66,45.36,-0.004385359585879045,-0.0355092494152669
2022-06-21,10262.35,46.13,0.0018245431808552315,0.016975308641975273
2022-06-22,10213.41,45.4,-0.0047688882176110114,-0.015824842835465036
2022-06-23,10319.43,46.25,0.010380470381586626,0.018722466960352513
2022-06-24,10580.27,46.76,0.025276589889170253,0.011027027027026959
2022-06-27,10588.01,46.8,0.0007315503290559189,0.0008554319931566301
2022-06-28,10715.89,46.9,0.012077812544566857,0.002136752136752129
2022-06-29,10685.74,46.79,-0.0028135787134806467,-0.002345415778251536
2022-06-30,10870.02,46.69,0.01724541304579752,-0.002137208805300328
2022-07-01,10789.88,46.31,-0.007372571531607197,-0.008138787748982579
2022-07-04,10734.35,46.46,-0.005146489117580422,0.003239041243791707
2022-07-05,10809.77,46.61,0.0070260425642911795,0.0032285837279379948
2022-07-06,10653.96,45.85,-0.014413812689816785,-0.01630551383823209
2022-07-07,10593.66,45.6,-0.005659867316941236,-0.005452562704471142
2022-07-08,10638.88,45.82,0.004268590836405961,0.004824561403508731
2022-07-11,10461.0,45.38,-0.016719805092265227,-0.00960279353993887
2022-07-12,10384.68,45.51,-0.007295669630054458,0.002864698104891872
2022-07-13,10437.34,45.08,0.005070931410500856,-0.009448472863107016
2022-07-14,10407.74,43.6,-0.0028359716172895455,-0.03283052351375326
2022-07-15,10390.15,42.71,-0.001690088338102247,-0.020412844036697297
2022-07-18,10401.01,43.45,0.0010452207138491598,0.017326153125731825
2022-07-19,10358.0,43.4,-0.004135175333933927,-0.0011507479861910808
2022-07-20,10393.17,43.4,0.0033954431357405834,0.0
2022-07-21,10337.39,42.74,-0.00536698620343945,-0.015207373271889368
2022-07-22,10377.59,43.05,0.0038887959146360895,0.007253158633598433
2022-07-25,10365.78,42.92,-0.0011380291570586287,-0.0030197444831590037
2022-07-26,10393.72,43.2,0.002695407388541682,0.006523765144454741
2022-07-27,10239.91,42.79,-0.014798359009093875,-0.009490740740740855
2022-07-28,10131.38,42.72,-0.010598725965365041,-0.0016358962374386499
2022-07-29,10133.59,42.12,0.00021813415349147824,-0.014044943820224698
2022-08-01,10092.69,41.84,-0.004036081980818174,-0.006647673314339797
2022-08-02,10040.83,41.17,-0.005138372425983584,-0.01601338432122379
2022-08-03,10066.06,40.83,0.002512740480617559,-0.00825844061209624
2022-08-04,10221.87,41.08,0.015478747394710668,0.006122948812147921
2022-08-05,10261.82,41.54,0.003908286839883424,0.011197663096397248
2022-08-08,10199.36,41.18,-0.00608663960194189,-0.008666345690900301
2022-08-09,10191.67,40.96,-0.0007539688764786057,-0.005342399222923677
2022-08-10,10020.83,40.4,-0.016762709153651967,-0.013671875
2022-08-11,10176.1,41.46,0.015494724488889666,0.02623762376237626
2022-08-12,10282.12,41.61,0.010418529692121759,0.003617945007235779
2022-08-15,10241.37,41.14,-0.003963190470447686,-0.01129536169190093
2022-08-16,10231.07,40.99,-0.0010057248200192603,-0.003646086533787063
2022-08-17,10231.87,41.29,7.819318995960778e-05,0.007318858258111627
2022-08-18,10118.82,40.81,-0.0110488112143724,-0.011625090821021922
2022-08-19,10116.35,40.97,-0.00024409960845228618,0.003920607694192446
2022-08-22,10111.18,41.15,-0.00051105388801298,0.004393458628264568
2022-08-23,9990.73,40.72,-0.011912556200166624,-0.010449574726610011
2022-08-24,9911.29,41.61,-0.007951370920843526,0.02185658153241654
2022-08-25,10066.06,43.1,0.015615525325159307,0.03580869983177126
2022-08-26,10131.38,43.12,0.006489132788797258,0.00046403712296982924
2022-08-29,10035.0,43.07,-0.00951301796991122,-0.001159554730983281
2022-08-30,9990.68,42.89,-0.0044165421026407525,-0.004179243092639839
2022-08-31,10262.02,43.84,0.027159312479230646,0.022149685241314998
2022-09-01,10045.4,43.65,-0.02110890448469216,-0.004333941605839553
2022-09-02,10015.81,43.7,-0.002945626854082506,0.001145475372279492
2022-09-05,9814.82,43.8,-0.020067273640374528,0.0022883295194506825
2022-09-06,9865.06,43.9,0.0051187897485638345,0.0022831050228311334
2022-09-07,9729.44,43.6,-0.013747508884892623,-0.006833712984054552
2022-09-08,9714.32,43.84,-0.0015540462760447182,0.005504587155963359
2022-09-09,9864.01,44.69,0.015409210320434186,0.01938868613138678
2022-09-13,10035.91,45.06,0.01742698963200562,0.00827925710449784
2022-09-14,9985.66,44.65,-0.005007019791927192,-0.009098979138925989
2022-09-15,10040.93,45.09,0.00553493709980124,0.009854423292273262
2022-09-16,9935.41,43.93,-0.010508986717365887,-0.02572632512752282
2022-09-19,9998.92,43.93,0.0063922877868149985,0.0
2022-09-20,10030.88,43.24,0.003196345205282114,-0.015706806282722474
2022-09-21,9880.14,43.15,-0.01502759478729676,-0.002081406105458039
2022-09-22,9743.51,42.48,-0.01382875141445361,-0.015527230590961838
2022-09-23,9811.95,43.02,0.007024162750384644,0.01271186440677985
2022-09-26,9955.51,42.49,0.014631138560632584,-0.012319851231985202
2022-09-27,10081.13,42.44,0.012618138096390785,-0.001176747469993078
2022-09-28,10056.01,41.89,-0.002491784155149168,-0.012959472196041433
2022-09-29,10042.69,41.32,-0.001324581021697413,-0.013607066125566947
2022-09-30,10003.25,41.58,-0.003927234635341725,0.006292352371732868
2022-10-10,9568.6,41.43,-0.04345087846449902,-0.003607503607503615
2022-10-11,9538.4,41.2,-0.0031561565955312565,-0.005551532705768691
2022-10-12,9437.96,41.92,-0.01053006793592226,0.01747572815533971
2022-10-13,9136.42,41.36,-0.0319497009947064,-0.013358778625954248
2022-10-14,9325.45,41.94,0.02068972310817596,0.014023210831721533
2022-10-17,9229.43,42.1,-0.010296554053691787,0.003814973772055419
2022-10-18,9165.76,41.75,-0.0068985842029247735,-0.008313539192399078
2022-10-19,8875.18,41.27,-0.031702772055999695,-0.011497005988023834
2022-10-20,8852.57,40.01,-0.0025475539651027557,-0.030530651805185438
2022-10-21,8754.58,39.65,-0.011069101966999395,-0.008997750562359408
2022-10-24,8137.94,37.7,-0.07043627449860534,-0.0491803278688524
2022-10-25,8029.76,37.72,-0.013293290439595151,0.0005305039787797394
2022-10-26,7951.02,37.67,-0.009806021599649273,-0.0013255567338281704
2022-10-27,7634.06,37.66,-0.03986406775482898,-0.00026546323334231126
2022-10-28,7428.04,36.73,-0.02698695058723677,-0.024694636218799748
2022-10-31,7377.79,36.15,-0.006764907027964284,-0.015790906615845368
2022-11-01,7940.62,37.46,0.07628707241599453,0.036237897648686124
2022-11-02,7990.62,37.4,0.006296737534348784,-0.0016017084890550537
2022-11-03,7827.51,36.93,-0.0204126838718397,-0.012566844919786102
2022-11-04,8214.77,38.31,0.04947422615876573,0.037367993501218555
2022-11-07,8167.24,38.79,-0.005785919751861712,0.012529365700861383
2022-11-08,8055.54,38.69,-0.013676590867906402,-0.002577984016499113
2022-11-09,7930.02,38.37,-0.015581823192486133,-0.008270871026104909
2022-11-10,8005.89,38.46,0.009567441191825399,0.0023455824863174435
2022-11-11,8272.96,40.33,0.03335918929688009,0.04862194487779514
2022-11-14,8297.33,41.6,0.002945741306618288,0.031490205802132465
2022-11-15,8573.69,42.49,0.033307099994817735,0.02139423076923075
2022-11-16,8559.87,42.3,-0.0016119080582572831,-0.004471640385973252
2022-11-17,8468.17,42.56,-0.010712779516511395,0.006146572104019032
2022-11-18,8468.82,42.16,7.675802446094337e-05,-0.009398496240601628
2022-11-21,8231.91,41.21,-0.02797438131876695,-0.02253320683111948
2022-11-22,8332.25,41.97,0.012189151727849401,0.01844212569764614
2022-11-23,8377.73,41.77,0.005458309580245402,-0.004765308553728698
2022-11-24,8231.96,41.8,-0.017399701351082042,0.0007182188173329163
2022-11-25,8242.11,42.75,0.001232999188528705,0.022727272727272707
2022-11-28,8181.16,41.41,-0.007394951050155973,-0.03134502923976612
2022-11-29,8628.96,44.78,0.05473551427914858,0.08138130886259365
2022-11-30,8628.96,44.95,0.0,0.0037963376507370583
2022-12-01,8788.75,44.83,0.018517874691735825,-0.0026696329254728424
2022-12-02,8804.23,44.62,0.0017613426255154163,-0.004684363149676574
2022-12-05,8960.1,47.28,0.017703990013891113,0.05961452263558953
2022-12-06,9076.17,47.44,0.012954096494458778,0.0033840947546530664
2022-12-07,9056.07,46.7,-0.002214590515603021,-0.015598650927487245
2022-12-08,9071.25,47.15,0.0016762237924397017,0.009635974304068373
2022-12-09,9287.21,47.6,0.02380708281659083,0.009544008483563182
2022-12-12,9332.54,46.17,0.004880906106355054,-0.030042016806722693
2022-12-13,9387.71,46.7,0.005911573912353862,0.011479315572882953
2022-12-14,9492.58,46.89,0.01117098845192288,0.0040685224839400735
2022-12-15,9573.58,46.43,0.008532980496345655,-0.009810194071230516
2022-12-16,9572.97,46.9,-6.371702121887868e-05,0.010122765453370652
2022-12-19,9503.28,45.77,-0.007279872390699937,-0.024093816631129972
2022-12-20,9211.84,44.93,-0.030667306445774534,-0.018352632728861784
2022-12-21,9332.44,45.26,0.013091847014277347,0.007344758513242677
2022-12-22,9478.15,45.88,0.015613280128240703,0.013698630136986356
2022-12-23,9493.23,45.64,0.0015910277849580101,-0.005231037489102031
2022-12-26,9347.81,44.66,-0.015318284714475494,-0.021472392638036908
2022-12-27,9412.38,45.58,0.006907500259418997,0.020600089565606883
2022-12-28,9412.38,46.28,0.0,0.015357612988152747
2022-12-29,9342.03,45.82,-0.007474198874248494,-0.009939498703543714
2022-12-30,9382.23,47.0,0.0043031332590453,0.025752946311654368
2023-01-03,9397.36,47.15,0.0016126230118000962,0.0031914893617019935
2023-01-04,9372.23,48.53,-0.0026741552946786262,0.029268292682926855
2023-01-05,9754.07,48.93,0.04074163779591422,0.00824232433546257
2023-01-06,9767.98,49.74,0.0014260713732832109,0.016554261189454467
2023-01-09,9956.06,50.91,0.019254748678846578,0.023522316043425695
2023-01-10,10022.64,49.21,0.006687384366908189,-0.0333922608524847
2023-01-11,9974.91,50.7,-0.0047622183376834215,0.03027839869945148
2023-01-12,9919.88,50.91,-0.0055168417559657845,0.004142011834319392
2023-01-13,10186.2,52.35,0.02684709895684234,0.02828520919269306
2023-01-16,10316.34,52.09,0.012776108853154167,-0.004966571155682886
2023-01-17,10291.72,51.5,-0.0023865052916054452,-0.011326550201574248
2023-01-18,10216.35,51.55,-0.007323362858686289,0.000970873786407811
2023-01-19,10152.08,51.81,-0.0062908964551919855,0.005043646944713931
2023-01-20,10050.58,52.1,-0.00999795115877733,0.005597375024126494
2023-01-30,10191.22,51.48,0.013993222281699191,-0.011900191938579718
2023-01-31,9978.98,50.98,-0.020825769633076252,-0.009712509712509698
2023-02-01,9975.01,51.35,-0.0003978362518012313,0.007257748136524134
2023-02-02,9930.49,50.83,-0.004463153420397603,-0.010126582278481067
2023-02-03,9839.49,49.6,-0.009163696856852033,-0.024198308085776055
2023-02-06,9723.92,48.16,-0.011745527461280991,-0.02903225806451626
2023-02-07,9733.97,48.7,0.0010335338011830952,0.011212624584717723
2023-02-08,9668.64,48.5,-0.006711547292625686,-0.004106776180698213
2023-02-09,9839.49,49.32,0.0176705307054561,0.01690721649484539
2023-02-10,9799.29,49.3,-0.004085577606156354,-0.00040551500405516805
2023-02-13,10032.19,49.25,0.023767028019376912,-0.001014198782961384
2023-02-14,9969.08,49.9,-0.006290750075506946,0.013197969543147225
2023-02-15,9955.06,48.88,-0.001406348429343618,-0.020440881763526986
2023-02-16,10059.67,49.2,0.01050822395846951,0.00654664484451728
2023-02-17,9853.46,48.8,-0.020498684350480745,-0.008130081300813163
2023-02-20,10125.9,49.95,0.02764917095111774,0.023565573770491843
2023-02-21,10085.7,50.01,-0.0039700174799276455,0.001201201201201041
2023-02-22,9929.93,49.18,-0.015444639439999297,-0.016596680663867214
2023-02-23,9839.49,48.98,-0.009107818484118235,-0.004066693777958541
2023-02-24,9688.74,48.2,-0.015320916023086606,-0.015924867292772427
2023-02-27,9801.35,47.8,0.011622770349911438,-0.008298755186722073
2023-02-28,9818.08,48.2,0.001706907721895412,0.008368200836820217
2023-03-01,9942.65,49.99,0.012687816762544157,0.037136929460581
2023-03-02,9889.74,50.2,-0.005321518910954337,0.0042008401680335705
2023-03-03,9839.69,50.28,-0.005060800385045416,0.0015936254980080111
2023-03-06,9784.92,48.58,-0.005566232269512583,-0.03381066030230717
2023-03-07,9690.25,47.91,-0.009675091876070518,-0.013791683820502332
2023-03-08,9600.41,47.23,-0.009271174634297386,-0.014193279064913411
2023-03-09,9598.4,46.64,-0.00020936605832466704,-0.012492060131272464
2023-03-10,9497.8,46.0,-0.010480913485581,-0.013722126929674117
2023-03-13,9558.1,46.5,0.006348838678430946,0.010869565217391353
2023-03-14,9578.2,45.46,0.002102928406273241,-0.022365591397849438
2023-03-15,9502.42,45.95,-0.007911716188845563,0.010778706555213402
2023-03-16,9507.8,45.23,0.0005661715647171661,-0.015669205658324414
2023-03-17,9457.6,46.2,-0.005279875470666107,0.02144594295821367
2023-03-20,9395.3,45.58,-0.0065872948739639225,-0.013419913419913554
2023-03-21,9623.42,46.01,0.024280225218992646,0.00943396226415083
2023-03-22,9615.13,46.5,-0.0008614401117275072,0.010649858726363925
2023-03-23,9622.72,46.88,0.0007893809028063359,0.008172043010752805
2023-03-24,9641.61,46.2,0.001963062418941952,-0.014505119453924853
2023-03-27,9587.19,45.99,-0.005644285549819994,-0.004545454545454519
2023-03-28,9657.59,45.88,0.007343131824862015,-0.002391824309632473
2023-03-29,9698.79,45.42,0.004266074662519381,-0.01002615518744554
2023-03-30,9749.04,45.48,0.0051810586681431126,0.0013210039630118242
2023-03-31,9849.54,45.6,0.010308707318874566,0.0026385224274407815
2023-04-03,9759.44,45.68,-0.00914763532104046,0.0017543859649122862
2023-04-04,9822.35,45.57,0.0064460665775905035,-0.0024080560420315367
2023-04-06,9733.77,45.08,-0.009018208473532296,-0.010752688172043001
2023-04-07,9703.77,45.63,-0.003082053510613081,0.012200532386867913
2023-04-10,9606.84,46.06,-0.009988901220865709,0.009423624808240216
2023-04-11,9475.19,45.66,-0.013703777725037503,-0.008684324793747367
2023-04-12,9216.92,45.6,-0.027257500904995124,-0.0013140604467803962
2023-04-13,9362.13,45.12,0.015754720665905664,-0.010526315789473717
2023-04-14,9313.99,45.49,-0.0051419922603082036,0.008200354609929184
2023-04-17,9512.88,47.48,0.02135389881243155,0.043745878214992207
2023-04-18,9538.0,48.62,0.002640630387432674,0.024010109519797762
2023-04-19,9543.02,48.4,0.000526315789473708,-0.004524886877828038
2023-04-20,9457.0,48.79,-0.009013918025949863,0.0080578512396694
2023-04-21,9374.54,46.74,-0.008719467061435893,-0.04201680672268904
2023-04-24,9271.69,46.4,-0.010971204987124783,-0.007274283269148585
2023-04-25,9399.21,46.09,0.013753695388866394,-0.0066810344827584744
2023-04-26,9467.2,45.79,0.007233586652495516,-0.006509004122369322
2023-04-27,9537.6,50.37,0.007436200777420909,0.10002183882943871
2023-04-28,9550.66,51.8,0.0013693172286528554,0.028389914631725244
2023-05-04,9497.3,53.7,-0.005587048434349096,0.03667953667953672
2023-05-05,9497.8,53.83,5.2646541648604384e-05,0.0024208566108006035
2023-05-08,9349.67,54.92,-0.015596243340562976,0.02024893182240395
2023-05-09,9357.11,53.48,0.0007957500104283088,-0.0262199563000729
2023-05-10,9372.18,52.31,0.0016105400064763131,-0.02187733732236341
2023-05-11,9332.33,52.35,-0.004251945651918776,0.0007646721468170803
2023-05-12,9278.72,51.27,-0.005744546110135529,-0.020630372492836613
2023-05-15,9328.47,53.71,0.005361730928403974,0.047591183928223035
2023-05-16,9263.09,53.2,-0.007008652008314242,-0.009495438465835004
2023-05-17,9251.59,51.91,-0.0012414863722580716,-0.024248120300751963
2023-05-18,9201.34,51.82,-0.005431498801827583,-0.001733769986515088
2023-05-19,9244.05,51.04,0.004641715228433929,-0.015052103434967212
2023-05-22,9477.7,51.42,0.025275717894213123,0.007445141065830718
2023-05-23,9369.92,49.9,-0.011371957331420157,-0.029560482302605995
2023-05-24,9301.33,48.47,-0.007320233257060882,-0.028657314629258468
2023-05-25,9251.59,48.4,-0.0053476223292797664,-0.0014441922838869248
2023-05-26,9199.13,48.44,-0.005670376659579701,0.0008264462809917106
2023-05-29,9191.29,48.04,-0.0008522545066760312,-0.008257638315441795
2023-05-30,9087.23,47.99,-0.011321588155743245,-0.0010407993338883426
2023-05-31,8889.3,47.0,-0.02178111481716649,-0.020629297770368815
2023-06-01,8924.57,47.45,0.003967691494268344,0.009574468085106425
2023-06-02,9098.83,49.1,0.019525870714219407,0.03477344573234986
2023-06-05,9070.69,48.51,-0.0030927053258494874,-0.012016293279022427
2023-06-06,9080.69,48.76,0.0011024519634117436,0.0051535765821479895
2023-06-07,8999.84,49.01,-0.008903508433830476,0.005127153404429929
2023-06-08,9085.77,49.67,0.009547947519066957,0.013466639461334529
2023-06-09,9075.72,49.48,-0.0011061252926279908,-0.003825246627743195
2023-06-12,9226.46,49.57,0.016609150568770215,0.001818916734034115
2023-06-13,9241.54,49.63,0.0016344296729191576,0.0012104095218883337
2023-06-14,9381.63,48.05,0.015158728956429224,-0.03183558331654257
2023-06-15,9522.93,48.42,0.015061348614260117,0.007700312174818036
2023-06-16,9737.43,48.6,0.02252458014497649,0.0037174721189590088
2023-06-19,9467.65,47.5,-0.027705462324247865,-0.02263374485596714
2023-06-20,9464.94,46.89,-0.0002862378731786075,-0.012842105263157877
2023-06-21,9426.6,46.64,-0.004050738831941847,-0.005331627212625256
2023-06-26,9291.78,45.93,-0.014302081344281015,-0.015222984562607178
2023-06-27,9302.09,46.3,0.0011095828786302775,0.008055736991073426
2023-06-28,9389.17,46.54,0.009361337075861398,0.0051835853131749765
2023-06-29,9315.45,46.3,-0.007851599236141094,-0.005156854318865589
2023-06-30,9331.54,46.4,0.0017272380829695955,0.002159827213823018
2023-07-03,9497.86,48.18,0.017823424643734986,0.038362068965517304
2023-07-04,9530.52,47.95,0.003438669342357148,-0.0047737650477376325
2023-07-05,9454.04,47.35,-0.008024745764134589,-0.012513034410844615
2023-07-06,9391.73,47.3,-0.006590833125309503,-0.0010559662090814381
2023-07-07,9326.66,47.21,-0.006928435975054659,-0.0019027484143762097
2023-07-10,9381.28,46.61,0.005856330133188203,-0.012709171785638684
2023-07-11,9427.01,47.2,0.0048746013337199745,0.012658227848101333
2023-07-12,9446.1,47.29,0.0020250323273232063,0.001906779661016822
2023-07-13,9569.71,48.62,0.013085823779125594,0.028124339183759783
2023-07-14,9643.07,48.64,0.007665854033194419,0.00041135335252984184
2023-07-17,9527.35,48.05,-0.012000327696470081,-0.012129934210526438
2023-07-18,9491.32,47.6,-0.003781744136617249,-0.009365244536940653
2023-07-19,9492.33,47.77,0.00010641301736757924,0.0035714285714285587
2023-07-20,9497.35,47.42,0.000528848027828932,-0.007326774126020563
2023-07-21,9735.03,46.97,0.025025928285258514,-0.009489666807254382
2023-07-24,9734.27,46.62,-7.806858325043464e-05,-0.007451564828614088
2023-07-25,10022.7,49.55,0.029630367762554455,0.06284856284856288
2023-07-26,10022.7,49.46,0.0,-0.0018163471241169349
2023-07-27,10070.33,49.88,0.004752212477675544,0.008491710473109704
2023-07-28,10366.64,51.93,0.029424060581927147,0.0410986367281474
2023-07-31,10284.14,52.6,-0.007958219828218205,0.012901983439245202
2023-08-01,10326.44,51.74,0.004113129537326454,-0.0163498098859316
2023-08-02,10281.22,51.41,-0.0043790502825756805,-0.006378044066486344
2023-08-03,10273.53,52.41,-0.0007479657083496738,0.019451468585878207
2023-08-04,10348.91,51.9,0.007337302757669306,-0.009730967372638788
2023-08-07,10321.07,51.7,-0.0026901383817232727,-0.0038535645472060898
2023-08-08,10331.47,51.26,0.0010076474629083787,-0.008510638297872464
2023-08-09,10332.88,51.26,0.0001364762226478966,0.0
2023-08-10,10256.1,51.36,-0.007430648570388776,0.0019508388607101246
2023-08-11,10050.08,49.37,-0.020087557648618914,-0.03874610591900318
2023-08-14,9894.31,48.53,-0.01549937910942012,-0.01701438120315979
2023-08-15,9944.46,48.68,0.00506856971329972,0.0030908716257984636
2023-08-16,9979.73,48.35,0.0035466983627066018,-0.006778964667214393
2023-08-17,10020.18,47.91,0.004053215868565552,-0.009100310237849074
2023-08-18,9892.25,47.52,-0.012767235718320502,-0.00814026299311199
2023-08-21,9834.02,46.67,-0.005886426242765808,-0.01788720538720545
2023-08-22,9818.94,47.0,-0.0015334522402842277,0.007070923505463789
2023-08-23,9748.59,46.46,-0.007164724501830144,-0.011489361702127665
2023-08-24,9961.14,46.5,0.021803153071367154,0.0008609556607834801
2023-08-25,10004.76,47.01,0.004379016859516138,0.010967741935483888
2023-08-28,10054.96,48.11,0.00501761161687031,0.02339927674962783
2023-08-29,10137.16,48.56,0.008175069816289682,0.009353564747453857
2023-08-30,10160.63,48.25,0.002315244111763093,-0.0063838550247117265
2023-08-31,10115.4,48.79,-0.004451495625763302,0.011191709844559528
2023-09-01,10135.75,50.1,0.0020117840124957986,0.02684976429596242
2023-09-04,10210.87,51.45,0.007411390375650528,0.026946107784431073
2023-09-05,10174.19,50.2,-0.003592250219618953,-0.024295432458697808
2023-09-06,10185.75,51.03,0.0011362083861221617,0.0165338645418327
2023-09-07,10070.18,50.22,-0.01134624352649527,-0.015873015873015928
2023-09-08,9972.2,50.12,-0.009729716847166503,-0.001991238550378416
2023-09-11,9990.64,50.36,0.0018491406108982478,0.004788507581803714
2023-09-12,9979.53,49.95,-0.001112040870254405,-0.008141382049245416
2023-09-13,9979.28,49.5,-2.5051279970100815e-05,-0.009009009009009028
2023-09-14,9973.15,49.19,-0.000614272773186153,-0.006262626262626303
2023-09-15,9788.74,49.2,-0.018490647388237358,0.00020329335230750978
2023-09-18,10025.96,49.3,0.024233966782241545,0.00203252032520318
2023-09-19,10014.61,49.28,-0.0011320611692046123,-0.00040567951318448703
2023-09-20,9999.83,48.89,-0.0014758437922196554,-0.007913961038961026
2023-09-21,9871.15,48.49,-0.012868218759718997,-0.008181632235630953
2023-09-22,10125.45,50.33,0.025761942630798007,0.03794596824087426
2023-09-25,10041.94,49.06,-0.008247534677471191,-0.025233459169481387
2023-09-26,9959.63,48.56,-0.008196623361621524,-0.01019160211985326
2023-09-27,9949.59,48.66,-0.0010080695768818204,0.0020593080724875534
2023-09-28,9871.95,48.3,-0.007803336619900847,-0.007398273736128225
2023-10-09,9763.67,48.07,-0.010968451015250347,-0.004761904761904745
2023-10-10,9728.49,47.6,-0.0036031533224699652,-0.00977740794674431
2023-10-11,9771.21,47.69,0.00439122618206933,0.0018907563025210017
2023-10-12,9808.89,48.43,0.003856226608577762,0.015516879849025056
2023-10-13,9633.02,47.97,-0.017929653610143315,-0.009498244889531327
2023-10-16,9527.0,47.54,-0.01100589430936516,-0.008963935793204092
2023-10-17,9507.4,47.68,-0.002057310800881784,0.002944888514934796
2023-10-18,9517.45,47.39,0.0010570713339084215,-0.006082214765100624
2023-10-19,9025.02,46.05,-0.05173969918413024,-0.028276007596539476
2023-10-20,9100.4,45.84,0.008352336061305143,-0.004560260586319087
2023-10-23,9095.27,45.94,-0.000563711485209395,0.0021815008726002727
2023-10-24,9090.09,46.1,-0.0005695267979950458,0.003482803656943867
2023-10-25,9263.7,45.51,0.01909882080375458,-0.012798264642082557
2023-10-26,9237.22,45.7,-0.0028584690782301747,0.004174906613931162
2023-10-27,9259.73,45.18,0.002436880360108473,-0.011378555798687184
2023-10-30,9281.29,45.31,0.0023283616260951767,0.0028773793714034213
2023-10-31,9299.28,45.46,0.001938308144665113,0.0033105274773779225
2023-11-01,9783.72,45.11,0.05209435569205345,-0.007699076110866732
2023-11-02,9776.23,45.06,-0.000765557477115042,-0.0011084016847704437
2023-11-03,9935.72,45.24,0.016314059714225282,0.003994673768308976
2023-11-06,9939.54,46.06,0.0003844713820440049,0.01812555260831128
2023-11-07,9834.87,45.3,-0.010530668421275036,-0.016500217108119997
2023-11-08,9870.9,44.63,0.0036634952978533697,-0.01479028697571727
2023-11-09,9849.64,43.28,-0.0021538056306922293,-0.030248711628949154
2023-11-10,9757.84,42.35,-0.009320137588784916,-0.021487985212569338
2023-11-13,9698.35,42.39,-0.006096636140785261,0.0009445100354190661
2023-11-14,9704.73,42.61,0.0006578438600379766,0.005189903279075203
2023-11-15,9743.22,43.36,0.003966107248733364,0.017601501994836788
2023-11-16,9678.5,42.87,-0.006642567857443327,-0.011300738007380073
2023-11-17,9645.18,42.66,-0.0034426822338171625,-0.004898530440867743
2023-11-20,9690.81,42.91,0.004730860388297398,0.0058602906704172675
2023-11-21,9828.99,43.07,0.014258870001578883,0.0037287345607084355
2023-11-22,9786.33,42.73,-0.00434022213879548,-0.007894125841653166
2023-11-23,9808.89,43.05,0.0023052564137935327,0.007488883688275161
2023-11-24,9763.67,42.69,-0.004610103691651046,-0.00836236933797907
2023-11-27,9693.32,41.85,-0.007205282439902261,-0.01967673928320446
2023-11-28,9723.67,41.67,0.0031310221884761624,-0.004301075268817178
2023-11-29,9752.16,40.75,0.0029299636865505185,-0.02207823374130069
2023-11-30,9836.53,40.8,0.008651416711785043,0.0012269938650306678
2023-12-01,9679.65,41.02,-0.01594871362157191,0.005392156862745301
2023-12-04,9631.57,40.38,-0.004967121745104386,-0.015602145294978054
2023-12-05,9421.98,39.53,-0.021760730597400024,-0.021050024764735054
2023-12-06,9391.83,39.53,-0.0031999643387058407,0.0
2023-12-07,9376.76,39.34,-0.0016045861136753103,-0.004806476094105672
2023-12-08,9401.48,39.19,0.002636305077660106,-0.0038129130655822907
2023-12-11,9366.71,39.6,-0.0036983538761982127,0.010461852513396375
2023-12-12,9426.96,39.79,0.006432354583413069,0.004797979797979801
2023-12-13,9175.77,38.89,-0.026645917665928276,-0.0226187484292536
2023-12-14,9054.67,38.7,-0.013197802473252973,-0.004885574697865769
2023-12-15,9100.4,38.79,0.005050432539231098,0.0023255813953486637
2023-12-18,9185.82,38.61,0.009386400597775957,-0.004640371229698403
2023-12-19,9251.14,38.71,0.007110960153802193,0.002590002590002527
2023-12-20,9220.47,38.45,-0.0033152670914071702,-0.006716610694910807
2023-12-21,9322.02,38.8,0.011013538355420183,0.00910273081924573
2023-12-22,9325.29,39.1,0.00035078234116636686,0.0077319587628867925
2023-12-25,9332.07,39.18,0.0007270551371592049,0.002046035805626456
2023-12-26,9322.02,39.1,-0.0010769314846544864,-0.0020418580908626582
2023-12-27,9307.25,39.0,-0.001584420544045173,-0.002557544757033292
2023-12-28,9598.33,40.26,0.03127454403824981,0.03230769230769215
2023-12-29,9603.41,40.3,0.0005292587356342526,0.0009935419771485154
2024-01-02,9397.44,39.47,-0.021447589970645775,-0.02059553349875931
2024-01-03,9442.61,39.4,0.004806628188102291,-0.0017734988598936408
2024-01-04,9316.99,38.9,-0.013303525190598853,-0.012690355329949221
2024-01-05,9288.65,38.97,-0.003041754901529359,0.0017994858611825038
2024-01-08,9191.32,38.45,-0.010478379527703141,-0.013343597639209559
2024-01-09,9176.3,38.38,-0.0016341504811061558,-0.0018205461638491904
2024-01-10,9178.81,37.82,0.0002735307258916464,-0.014590932777488352
2024-01-11,9204.29,38.43,0.002775958975074211,0.016129032258064502
2024-01-12,9186.65,38.03,-0.0019164976331690342,-0.01040853499869887
2024-01-15,9171.28,38.17,-0.0016730799584178113,0.0036813042334999935
2024-01-16,9168.41,38.7,-0.00031293341823612764,0.013885250196489451
2024-01-17,8854.71,38.01,-0.034215311051752795,-0.01782945736434116
2024-01-18,9024.9,38.99,0.019220279376738647,0.025782688766114337
2024-01-19,9146.15,39.2,0.013435051911932616,0.0053859964093356805
2024-01-22,9181.32,39.48,0.0038453338289881067,0.0071428571428568954
2024-01-23,9065.75,39.36,-0.012587514649309628,-0.003039513677811523
2024-01-24,9100.93,40.17,0.0038805393927694443,0.020579268292683084
2024-01-25,9161.23,41.15,0.006625696494753752,0.024396315658451462
2024-01-26,9157.81,41.25,-0.00037331231723247704,0.002430133657351119
2024-01-29,9221.52,40.98,0.006956903451807994,-0.006545454545454632
2024-01-30,9035.61,40.19,-0.020160450771673166,-0.019277696437286496
2024-01-31,8994.96,40.51,-0.004498866152921721,0.007962179646678225
2024-02-01,9020.68,40.3,0.0028593790300346367,-0.005183905208590467
2024-02-02,8950.18,40.1,-0.007815375337557717,-0.004962779156327479
2024-02-05,9121.08,40.68,0.01909458804180475,0.014463840399002503
2024-02-06,9352.17,41.56,0.02533581549553343,0.021632251720747453
2024-02-07,9527.99,42.38,0.018799914886063807,0.019730510105871124
2024-02-08,9502.91,42.78,-0.0026322445762432256,0.0094384143463897
2024-02-19,9449.8,42.73,-0.0055888143737024,-0.00116877045348307
2024-02-20,9322.02,42.35,-0.013521979301149067,-0.008893049379826712
2024-02-21,9561.5,43.59,0.025689711028296314,0.029279811097993047
2024-02-22,9565.12,43.7,0.00037860168383629933,0.0025235145675612802
2024-02-23,9543.56,44.07,-0.002254022950051948,0.008466819221967903
2024-02-26,9447.54,42.95,-0.010061235010834335,-0.025414113909689062
2024-02-27,9420.0,43.12,-0.0029150445512801104,0.003958090803259484
2024-02-28,9380.06,42.65,-0.004239915074309986,-0.010899814471242997
2024-02-29,9447.64,42.9,0.007204644746408917,0.0058616647127784915
2024-03-01,9397.69,42.99,-0.005287034645689137,0.002097902097902171
2024-03-04,9353.68,42.34,-0.004683065732110747,-0.015119795301232863
2024-03-05,9448.14,42.81,0.010098699121628973,0.011100614076523296
2024-03-06,9375.03,42.5,-0.007738030977525567,-0.0072412987619715485
2024-03-07,9390.51,43.06,0.001651194716176807,0.013176470588235345
2024-03-08,9329.2,42.88,-0.006528931868450161,-0.004180213655364584
2024-03-11,9445.08,43.16,0.012421215109548411,0.006529850746268551
2024-03-12,9698.88,43.81,0.026871132907291262,0.015060240963855609
2024-03-13,9610.69,42.63,-0.009092802467913663,-0.026934489842501685
2024-03-14,9556.33,42.45,-0.0056562015838613755,-0.004222378606615007
2024-03-15,9560.65,42.48,0.00045205638566270245,0.0007067137809186885
2024-03-18,9514.27,42.56,-0.00485113459858888,0.0018832391713747842
2024-03-19,9513.06,41.83,-0.00012717738723000416,-0.017152255639097835
2024-03-20,9521.0,41.92,0.0008346420604936622,0.002151565861821636
2024-03-21,9517.99,42.03,-0.00031614326226236944,0.002624045801526753
2024-03-22,9479.55,40.56,-0.00403866782797635,-0.03497501784439683
2024-03-25,9417.54,40.44,-0.006541449752361483,-0.002958579881656931
2024-03-26,9519.44,40.9,0.010820235433032455,0.011374876360039643
2024-03-27,9477.79,40.65,-0.004375257368080421,-0.006112469437652757
2024-03-28,9481.0,40.69,0.00033868655034541284,0.0009840098400983877
2024-03-29,9487.33,40.81,0.0006676510916570066,0.002949127549766617
2024-04-01,9579.94,41.25,0.00976143973067245,0.010781671159029615
2024-04-02,9543.06,41.0,-0.003849710958523822,-0.0060606060606061
2024-04-03,9548.69,40.5,0.0005899575188672568,-0.012195121951219523
2024-04-08,9305.24,40.22,-0.0254956439050803,-0.006913580246913575
2024-04-09,9282.93,40.11,-0.002397573840115852,-0.0027349577324713437
2024-04-10,9211.37,39.2,-0.007708772984391765,-0.022687609075043524
2024-04-11,9211.47,38.95,1.0856148433768809e-05,-0.0063775510204081565
2024-04-12,9141.28,37.78,-0.00761984786358727,-0.030038510911424954
2024-04-15,9336.99,38.36,0.021409474384331162,0.015352038115404865
2024-04-16,9322.02,38.28,-0.0016033004212278046,-0.002085505735140769
2024-04-17,9306.94,38.95,-0.0016176751390792887,0.017502612330198675
2024-04-18,9325.94,39.7,0.0020414873202148076,0.019255455712451797
2024-04-19,9204.64,39.42,-0.01300673176108802,-0.007052896725440849
2024-04-22,9347.44,39.83,0.01551391472127106,0.010400811770674645
2024-04-23,9433.97,39.89,0.009257080013351127,0.0015064022093900231
2024-04-24,9440.6,40.6,0.0007027794237208784,0.017798947104537444
2024-04-25,9437.79,41.06,-0.00029765057305675136,0.011330049261083719
2024-04-26,9520.15,41.53,0.008726619261500757,0.01144666341938616
2024-04-29,9492.86,42.08,-0.0028665514724032226,0.013243438478208525
2024-04-30,9497.89,41.36,0.0005298719247939232,-0.017110266159695797
2024-05-06,9775.26,42.49,0.029203328318184507,0.027321083172147098
2024-05-07,9824.5,42.59,0.005037206171498276,0.002353494939985934
2024-05-08,9794.2,41.95,-0.003084126418647193,-0.015027001643578286
2024-05-09,9754.15,42.34,-0.004089154805905659,0.009296781883194383
2024-05-10,9668.63,42.93,-0.008767550222213205,0.01393481341521019
2024-05-13,9502.91,42.65,-0.017139967089442765,-0.00652224551595626
2024-05-14,9482.71,42.31,-0.0021256646648237787,-0.007971864009378549
2024-05-15,9472.76,41.84,-0.001049278107207674,-0.011108484991727674
2024-05-16,9495.37,43.05,0.0023868439609997516,0.028919694072657487
2024-05-17,9548.13,45.2,0.005556392220629425,0.04994192799070851
2024-05-20,9517.99,45.46,-0.0031566390486932328,0.005752212389380507
2024-05-21,9497.89,45.4,-0.0021117904095298012,-0.0013198416190057793
2024-05-22,9461.26,45.4,-0.003856646055071078,0.0
2024-05-23,9432.61,44.78,-0.0030281379012943033,-0.013656387665198166
2024-05-24,9357.59,43.89,-0.007953260020291397,-0.01987494417150515
2024-05-27,9322.62,44.1,-0.0037370733276409496,0.004784688995215225
2024-05-28,9295.09,43.76,-0.0029530325166101656,-0.007709750566893492
2024-05-29,9342.12,43.47,0.005059660530452259,-0.006627056672760534
2024-05-30,9216.5,43.15,-0.013446626675743922,-0.007361398665746477
2024-05-31,9213.73,43.07,-0.00030054793034239857,-0.0018539976825028281
2024-06-03,9168.21,43.13,-0.004940452997863054,0.0013930810308799835
2024-06-04,9237.6,43.27,0.007568543914242998,0.0032460004637142603
2024-06-05,9191.37,43.08,-0.0050045466354896595,-0.004391033048301463
2024-06-06,9170.32,42.45,-0.0022901917777220504,-0.014623955431754765
2024-06-07,9066.66,42.12,-0.01130385853492566,-0.007773851590106129
2024-06-11,8814.52,41.83,-0.02780957927174943,-0.00688509021842354
2024-06-12,8827.98,41.4,0.0015270258618733656,-0.01027970356203678
2024-06-13,8744.22,41.3,-0.009488014245614518,-0.0024154589371980784
2024-06-14,8744.17,41.87,-5.718062903170562e-06,0.01380145278450362
2024-06-17,8676.33,41.58,-0.007758312109668486,-0.006926200143300698
2024-06-18,8575.84,41.73,-0.01158208597413879,0.003607503607503615
2024-06-19,8627.97,42.0,0.0060787048265824595,0.006470165348670065
2024-06-20,8623.45,41.51,-0.0005238775749102365,-0.011666666666666714
2024-06-21,8477.23,41.67,-0.016956090659770884,0.0038544928932788824
2024-06-24,8505.12,41.8,0.0032899897726028637,0.0031197504199662607
2024-06-25,8555.87,41.55,0.005966993998908876,-0.005980861244019087
2024-06-26,8568.78,41.65,0.0015089055817818497,0.002406738868832692
2024-06-27,8575.16,41.42,0.0007445634034248805,-0.00552220888355337
2024-06-28,8459.09,41.36,-0.01353560749886884,-0.0014485755673587786
2024-07-01,8323.37,41.62,-0.016044278994548966,0.006286266924564687
2024-07-02,8576.22,42.17,0.030378320319774055,0.013214800576645924
2024-07-03,8622.95,42.27,0.005448787461142635,0.002371354043158691
2024-07-04,8551.3,41.98,-0.008309221322169491,-0.006860657676839521
2024-07-05,8386.78,41.12,-0.01923918000771796,-0.0204859456884231
2024-07-08,8220.97,40.84,-0.019770400558975165,-0.006809338521400643
2024-07-09,8311.56,41.52,0.011019380924635502,0.016650342801175277
2024-07-10,8309.35,41.86,-0.0002658947297498049,0.00818882466281301
2024-07-11,8432.46,41.94,0.014815839987483814,0.00191113234591489
2024-07-12,8516.52,42.68,0.00996862125643072,0.01764425369575595
2024-07-15,8496.83,42.53,-0.0023119771925622645,-0.0035145267104029765
2024-07-16,8502.35,41.19,0.000649654047450765,-0.031507171408417634
2024-07-17,8629.98,42.29,0.015011143977841312,0.026705511046370534
2024-07-18,8610.44,42.37,-0.002264199917033305,0.0018917001655236465
2024-07-19,8751.69,43.03,0.016404504299431855,0.01557705924002839
2024-07-22,8617.93,43.0,-0.015283905165745182,-0.0006971880083662674
2024-07-23,8396.83,42.79,-0.025655812938838007,-0.0048837209302325935
2024-07-24,8321.56,42.56,-0.008964097165239826,-0.005375087637298326
2024-07-25,8273.68,42.57,-0.005753728868144847,0.0002349624060149491
2024-07-26,8231.97,41.09,-0.0050412875528181855,-0.0347662673244068
2024-07-29,8110.52,41.32,-0.014753455126779946,0.005597468970552466
2024-07-30,8019.92,41.33,-0.011170677095919901,0.0002420135527589906
2024-07-31,8227.4,42.56,0.025870582250197005,0.029760464553593158
2024-08-01,8050.93,42.51,-0.021449060456523283,-0.0011748120300753007
2024-08-02,8047.36,41.82,-0.00044342703265343175,-0.016231474947071223
2024-08-05,8170.77,42.0,0.01533546405280739,0.004304160688665792
2024-08-06,8144.09,40.9,-0.003265298129796812,-0.02619047619047621
2024-08-07,8198.36,40.7,0.006663727930315222,-0.004889975550122161
2024-08-08,8274.68,40.82,0.009309178908952553,0.0029484029484028174
2024-08-09,8305.38,40.61,0.003710113261177428,-0.005144536991670723
2024-08-12,8301.87,40.62,-0.0004226176285730965,0.0002462447672986201
2024-08-13,8236.09,40.78,-0.007923516027112054,0.00393894633185643
2024-08-14,8187.3,40.49,-0.0059239274947213705,-0.0071113290828836995
2024-08-15,8255.59,41.32,0.008340967107593356,0.020498888614472577
2024-08-16,8277.24,41.61,0.002622465505190963,0.0070183930300096176
2024-08-19,8248.3,42.07,-0.003496334526967959,0.011055034847392564
2024-08-20,8234.63,41.92,-0.0016573112035207505,-0.0035654860946041644
2024-08-21,8208.81,41.97,-0.003135538573074914,0.0011927480916029687
2024-08-22,8170.97,41.71,-0.0046096815494571786,-0.00619490111984744
2024-08-23,8195.79,43.35,0.0030375830531748083,0.039319108127547464
2024-08-26,8180.77,43.35,-0.0018326482254914511,0.0
2024-08-27,8140.92,43.15,-0.004871179607787601,-0.0046136101499424376
2024-08-28,8065.2,43.19,-0.009301160065447234,0.0009269988412514696
2024-08-29,8187.3,42.62,0.015139116202945946,-0.013197499421162329
2024-08-30,8337.49,44.03,0.018344264898073837,0.03308305959643376
2024-09-02,8095.35,43.45,-0.0290423136939294,-0.013172836702248447
2024-09-03,8170.72,43.21,0.00931028306373416,-0.005523590333716966
2024-09-04,8120.47,42.64,-0.006150008811952934,-0.013191390881740372
2024-09-05,8144.99,43.42,0.0030195296577659736,0.018292682926829285
2024-09-06,8110.42,43.25,-0.004244326880695981,-0.003915246430216568
2024-09-09,7994.85,42.68,-0.014249570305853387,-0.013179190751445136
2024-09-10,8009.93,42.66,0.001886214250423679,-0.00046860356138711534
2024-09-11,8019.97,42.52,0.001253444162433448,-0.003281762775433461
2024-09-12,7794.16,42.6,-0.02815596567069456,0.0018814675446847673
2024-09-13,7638.74,42.89,-0.019940570888973275,0.006807511737089156
2024-09-18,7451.67,43.7,-0.02448964096172923,0.01888552110048969
2024-09-19,7422.02,44.03,-0.003978973840763178,0.007551487414187541
2024-09-20,7436.7,44.15,0.0019778982002203183,0.0027254144901203148
2024-09-23,7424.74,44.09,-0.0016082402140734642,-0.0013590033975083848
2024-09-24,7982.79,46.5,0.07516088105442087,0.054660920843728755
2024-09-25,8115.45,47.36,0.01661825001033468,0.018494623655914033
2024-09-26,8768.67,50.42,0.08049091547603648,0.06461148648648662
2024-09-27,9272.15,51.9,0.057418057698601865,0.02935343117810385
2024-09-30,9869.1,57.09,0.06438096881521549,0.10000000000000009
2024-10-08,9743.48,61.73,-0.012728617604442216,0.08127517954107533
2024-10-09,9101.06,55.7,-0.06593332156477971,-0.09768346023003394
2024-10-10,9326.42,58.5,0.024761950805730404,0.050269299820466795
2024-10-11,9150.5,57.54,-0.018862543183772562,-0.016410256410256396
2024-10-14,9135.43,58.67,-0.001646904540735461,0.01963851233924241
2024-10-15,8895.54,57.19,-0.02625930032850121,-0.025225839440940923
2024-10-16,8736.01,57.38,-0.017933706104407476,0.0033222591362127574
2024-10-17,8595.82,57.0,-0.016047371740645966,-0.0066225165562914245
2024-10-18,8828.97,57.18,0.027123648471000905,0.0031578947368420263
2024-10-21,8767.66,56.9,-0.006944184882268223,-0.004896817068905213
2024-10-22,8839.02,57.06,0.008139001740487206,0.002811950790861273
2024-10-23,8962.12,58.31,0.01392688329701719,0.021906764808973023
2024-10-24,8885.24,58.1,-0.008578327449308976,-0.0036014405762304635
2024-10-25,8918.66,57.7,0.0037612940111915183,-0.0068846815834767705
2024-10-28,8949.56,57.5,0.0034646460342697694,-0.0034662045060659397
2024-10-29,8781.83,57.63,-0.018741703502741958,0.002260869565217538
2024-10-30,8783.74,55.97,0.00021749453132202667,-0.028804442130834662
2024-10-31,8762.59,55.92,-0.0024078581560929013,-0.0008933357155618271
2024-11-01,8792.54,56.15,0.0034179392166016065,0.004113018597997176
2024-11-04,8865.14,56.97,0.008256999683822652,0.014603739982190556
2024-11-05,9009.81,58.75,0.016318975222049614,0.031244514656836975
2024-11-06,8979.71,57.49,-0.0033408029692080232,-0.021446808510638293
2024-11-07,9372.35,60.84,0.04372524279737333,0.05827100365280913
2024-11-08,9175.53,59.12,-0.02100006935293708,-0.02827087442472065
2024-11-11,9115.43,58.4,-0.006550030352470149,-0.012178619756427533
2024-11-12,9010.86,57.01,-0.011471757229225554,-0.023801369863013733
2024-11-13,9017.4,57.19,0.0007257908790059275,0.003157340817400378
2024-11-14,8993.78,57.0,-0.002619380309179964,-0.0033222591362125353
2024-11-15,8919.41,55.8,-0.008269048164398107,-0.021052631578947434
2024-11-18,8919.41,55.76,0.0,-0.0007168458781361409
2024-11-19,8833.59,55.61,-0.009621712646912695,-0.0026901004304160647
2024-11-20,8848.11,55.46,0.0016437258238157781,-0.0026973565905412666
2024-11-21,8849.72,55.49,0.00018195976315826812,0.0005409304002885751
2024-11-22,8662.24,53.03,-0.021184851046134767,-0.04433231212831146
2024-11-25,8615.76,52.57,-0.005365817617613899,-0.008674335281915968
2024-11-26,8668.17,53.05,0.006083038524749895,0.00913068289899166
2024-11-27,8718.67,53.55,0.0058259125051769445,0.009425070688030113
2024-11-28,8713.4,53.17,-0.0006044499906523448,-0.007096171802054019
2024-11-29,8752.29,53.25,0.004463240526086487,0.001504607861576135
2024-12-02,8748.57,54.01,-0.0004250316202960569,0.014272300469483579
2024-12-03,8757.31,54.43,0.0009990204113357048,0.007776337715238002
2024-12-04,8723.45,53.93,-0.003866484114414037,-0.00918611060077168
2024-12-05,8678.22,53.68,-0.005184875250044629,-0.004635638791025354
2024-12-06,8728.52,55.12,0.0057961194807232275,0.02682563338301036
2024-12-09,8717.42,54.83,-0.0012716932538391346,-0.005261248185776446
2024-12-10,8857.05,55.62,0.016017353758336572,0.01440817070946565
2024-12-11,8801.83,54.9,-0.006234581491580071,-0.012944983818770184
2024-12-12,8953.58,55.58,0.017240732893046173,0.012386156648451774
2024-12-13,8718.42,53.74,-0.026264354593358186,-0.03310543360921192
2024-12-16,8759.62,53.12,0.004725626891111112,-0.011537030145143401
2024-12-17,8914.39,53.01,0.01766857466419758,-0.002070783132530063
2024-12-18,8982.22,52.94,0.007609045599306308,-0.0013205055649877506
2024-12-19,8879.26,52.89,-0.011462645092193191,-0.0009444654325651003
2024-12-20,8853.5,52.62,-0.002901142662789513,-0.005104934770277958
2024-12-23,8875.86,53.1,0.0025255548653075888,0.009122006841505215
2024-12-24,8938.01,53.78,0.007002138384336831,0.012806026365348444
2024-12-25,8893.7,53.9,-0.004957479349430027,0.002231312755671233
2024-12-26,8882.59,53.45,-0.001249198871111079,-0.008348794063079645
2024-12-27,8888.52,53.27,0.0006675980766870371,-0.003367633302151507
2024-12-30,8868.57,53.9,-0.0022444681454281135,0.011826544021024787
2024-12-31,8863.55,52.65,-0.0005660439056127675,-0.023191094619666064
2025-01-02,8682.65,50.71,-0.02040942963033998,-0.036847103513770185
2025-01-03,8617.33,50.3,-0.007523048838776192,-0.00808519029777166
2025-01-06,8441.46,50.34,-0.020408873746276535,0.0007952286282306709
2025-01-07,8442.47,50.17,0.00011964754912074937,-0.003377036154151747
2025-01-08,8454.03,50.3,0.0013692675247884978,0.002591189954155748
2025-01-09,8461.56,49.81,0.000890699465225353,-0.009741550695824941
2025-01-10,8421.37,48.95,-0.004749715182542968,-0.017265609315398556
2025-01-13,8461.46,48.59,0.004760508088351267,-0.007354443309499525
2025-01-14,8604.77,49.36,0.01693679341390264,0.0158468820745008
2025-01-15,8598.59,49.11,-0.0007182062972049819,-0.005064829821717964
2025-01-16,8473.52,49.25,-0.014545408026199635,0.0028507432294848645
2025-01-17,8515.58,49.38,0.004963698675402917,0.002639593908629445
2025-01-20,8616.33,49.81,0.011831255181678824,0.008707978938841565
2025-01-21,8582.91,49.9,-0.0038786815268218033,0.0018068660911463308
2025-01-22,8446.49,48.95,-0.015894376149814038,-0.019038076152304573
2025-01-23,8456.54,50.37,0.0011898433550505683,0.02900919305413674
2025-01-24,8421.37,50.86,-0.004158911327800774,0.009728012705975786
2025-01-27,8416.29,50.85,-0.0006032272658723636,-0.00019661816751859185
2025-02-05,8259.57,49.72,-0.018621031357046958,-0.022222222222222254
2025-02-06,8304.99,50.25,0.005499075617737992,0.010659694288012833
2025-02-07,8421.37,50.88,0.01401326190639618,0.012537313432835928
2025-02-10,8398.8,50.9,-0.0026800864942404523,0.00039308176100627534
2025-02-11,8330.92,50.52,-0.008082106967661984,-0.00746561886051067
2025-02-12,8456.54,51.08,0.015078766810868505,0.011084718923198622
2025-02-13,8567.39,51.02,0.013108197915459252,-0.0011746280344556714
2025-02-14,8617.33,51.7,0.005829079801433101,0.013328106624852953
2025-02-17,8600.35,51.84,-0.0019704479229645244,0.0027079303675048294
2025-02-18,8617.33,51.31,0.001974338253675656,-0.010223765432098797
2025-02-19,8697.73,51.45,0.009330036101669492,0.0027285129604366354
2025-02-20,8612.31,50.78,-0.009820953283212974,-0.013022351797862042
2025-02-21,8683.71,51.2,0.008290458657433275,0.00827097282394651
2025-02-24,8637.78,52.0,-0.005289213941967019,0.015625
2025-02-25,8511.81,50.98,-0.014583608288240901,-0.0196153846153847
2025-02-26,8542.01,51.62,0.003548011527513051,0.012553942722636435
2025-02-27,8670.39,51.62,0.01502924955601781,0.0
2025-02-28,8746.92,50.38,0.008826592575420511,-0.024021697016660126
2025-03-03,8677.73,50.33,-0.007910212966392827,-0.000992457324335172
2025-03-04,8592.76,50.08,-0.009791731247687951,-0.004967216371945193
2025-03-05,8573.97,50.38,-0.0021867246379511096,0.005990415335463295
2025-03-06,8773.0,51.64,0.023213283927982165,0.02500992457324336
2025-03-07,8848.47,51.5,0.008602530491280014,-0.0027110766847405765
2025-03-10,8858.02,51.25,0.0010792826330427996,-0.004854368932038833
2025-03-11,8987.56,51.5,0.014624035619698272,0.004878048780487809
2025-03-12,8956.91,51.15,-0.0034102693055734212,-0.006796116504854344
2025-03-13,8932.74,51.14,-0.002698475255417332,-0.00019550342130980614
2025-03-14,9386.18,53.47,0.050761580433327236,0.04556120453656631
2025-03-17,9435.67,53.38,0.005272645527786501,-0.0016831868337384703
